low,high,count
280,281,1
390,391,1
502,503,1
960,963,1
1040,1047,1
1088,1095,1
1120,1127,1
1168,1175,1
1176,1183,1
1200,1207,1
1232,1239,1
1248,1255,1
1264,1271,2
1408,1415,1
1464,1471,1
1480,1487,1
1496,1503,1
1552,1559,1
1648,1655,3
1680,1687,1
1704,1711,2
1712,1719,1
1744,1751,1
1760,1767,1
2176,2191,1
2192,2207,1
2240,2255,2
2256,2271,2
2272,2287,1
2288,2303,1
2320,2335,1
2400,2415,1
2416,2431,1
2432,2447,2
2464,2479,2
2512,2527,1
2528,2543,2
2592,2607,1
2624,2639,1
2640,2655,1
2672,2687,1
2688,2703,2
2720,2735,2
2752,2767,1
2960,2975,1
2976,2991,1
3104,3119,1
3184,3199,1
3200,3215,3
3216,3231,1
3248,3263,1
3424,3439,1
3440,3455,1
3520,3535,4
3536,3551,1
3584,3599,1
3616,3631,1
3648,3663,1
3680,3695,2
3712,3727,1
3728,3743,3
3776,3791,1
3808,3823,1
3824,3839,1
3872,3887,1
3888,3903,1
3904,3919,1
3920,3935,2
4096,4127,1
4128,4159,2
4160,4191,1
4192,4223,1
4224,4255,2
4256,4287,1
4352,4383,1
4384,4415,2
4416,4447,3
4448,4479,2
4512,4543,2
4608,4639,2
4672,4703,3
4704,4735,1
4768,4799,2
4800,4831,2
4832,4863,1
4960,4991,4
5024,5055,1
5056,5087,1
5120,5151,2
5152,5183,1
5184,5215,1
5216,5247,1
5472,5503,1
5568,5599,1
5664,5695,1
5696,5727,3
5728,5759,3
5856,5887,2
5920,5951,1
5984,6015,3
6080,6111,1
6144,6175,3
6176,6207,3
6208,6239,2
6240,6271,1
6304,6335,3
6400,6431,1
6432,6463,2
6464,6495,3
6560,6591,1
6624,6655,1
6656,6687,1
6688,6719,1
6784,6815,1
6816,6847,1
6880,6911,2
6912,6943,4
7008,7039,1
7040,7071,1
7104,7135,2
7136,7167,1
7168,7199,4
7232,7263,1
7264,7295,2
7328,7359,2
7360,7391,1
7392,7423,1
7424,7455,1
7456,7487,2
7488,7519,1
7520,7551,1
7552,7583,1
7584,7615,1
7616,7647,1
7680,7711,1
7712,7743,2
7776,7807,1
7808,7839,1
7904,7935,1
7936,7967,1
7968,7999,1
8000,8031,2
8032,8063,2
8096,8127,3
8128,8159,1
8192,8255,1
8256,8319,1
8320,8383,1
8384,8447,1
8448,8511,2
8576,8639,2
8640,8703,6
8704,8767,1
8768,8831,4
8832,8895,1
8896,8959,2
8960,9023,1
9024,9087,3
9088,9151,7
9152,9215,3
9216,9279,2
9344,9407,4
9408,9471,2
9472,9535,3
9536,9599,1
9600,9663,3
9664,9727,2
9728,9791,1
9792,9855,4
9856,9919,1
9920,9983,4
10048,10111,3
10112,10175,2
10176,10239,2
10240,10303,3
10304,10367,7
10368,10431,5
10432,10495,13
10496,10559,8
10560,10623,19
10624,10687,15
10688,10751,21
10752,10815,40
10816,10879,51
10880,10943,46
10944,11007,74
11008,11071,86
11072,11135,146
11136,11199,143
11200,11263,144
11264,11327,218
11328,11391,370
11392,11455,452
11456,11519,366
11520,11583,539
11584,11647,1356
11648,11711,1218
11712,11775,949
11776,11839,1586
11840,11903,3028
11904,11967,2188
11968,12031,1700
12032,12095,2661
12096,12159,4539
12160,12223,3046
12224,12287,2258
12288,12351,3843
12352,12415,4853
12416,12479,2915
12480,12543,2187
12544,12607,3567
12608,12671,4503
12672,12735,2845
12736,12799,2262
12800,12863,3443
12864,12927,3338
12928,12991,2178
12992,13055,1822
13056,13119,2380
13120,13183,2253
13184,13247,1652
13248,13311,1658
13312,13375,2062
13376,13439,1786
13440,13503,1340
13504,13567,1370
13568,13631,1482
13632,13695,1294
13696,13759,1110
13760,13823,1164
13824,13887,1294
13888,13951,1157
13952,14015,991
14016,14079,1070
14080,14143,1082
14144,14207,997
14208,14271,930
14272,14335,918
14336,14399,988
14400,14463,959
14464,14527,976
14528,14591,1094
14592,14655,1059
14656,14719,938
14720,14783,1048
14784,14847,1461
14848,14911,1526
14912,14975,1690
14976,15039,2312
15040,15103,3970
15104,15167,3742
15168,15231,3187
15232,15295,3959
15296,15359,5741
15360,15423,5249
15424,15487,5486
15488,15551,10589
15552,15615,18820
15616,15679,14638
15680,15743,12575
15744,15807,19985
15808,15871,22404
15872,15935,13144
15936,15999,12295
16000,16063,23412
16064,16127,36231
16128,16191,28571
16192,16255,26373
16256,16319,48989
16320,16383,44604
16384,16511,40158
16512,16639,54375
16640,16767,53662
16768,16895,95050
16896,17023,44566
17024,17151,40949
17152,17279,35285
17280,17407,60856
17408,17535,39785
17536,17663,33544
17664,17791,23597
17792,17919,33058
17920,18047,32074
18048,18175,26496
18176,18303,16790
18304,18431,16934
18432,18559,21529
18560,18687,17863
18688,18815,12861
18816,18943,10071
18944,19071,12857
19072,19199,11449
19200,19327,10518
19328,19455,7207
19456,19583,8147
19584,19711,7464
19712,19839,8540
19840,19967,5819
19968,20095,5785
20096,20223,5652
20224,20351,7058
20352,20479,5029
20480,20607,4661
20608,20735,4517
20736,20863,5480
20864,20991,4691
20992,21119,4290
21120,21247,3723
21248,21375,4522
21376,21503,4870
21504,21631,4403
21632,21759,3678
21760,21887,3902
21888,22015,5264
22016,22143,5050
22144,22271,4268
22272,22399,3954
22400,22527,5609
22528,22655,5750
22656,22783,5835
22784,22911,4247
22912,23039,5164
23040,23167,5516
23168,23295,7527
23296,23423,4773
23424,23551,4642
23552,23679,5261
23680,23807,8894
23808,23935,5901
23936,24063,5370
24064,24191,5210
24192,24319,8756
24320,24447,7380
24448,24575,7062
24576,24703,5020
24704,24831,6650
24832,24959,7533
24960,25087,7517
25088,25215,5159
25216,25343,5145
25344,25471,6379
25472,25599,6785
25600,25727,5598
25728,25855,5044
25856,25983,5682
25984,26111,5710
26112,26239,6030
26240,26367,5220
26368,26495,5460
26496,26623,5352
26624,26751,5867
26752,26879,5246
26880,27007,5313
27008,27135,5158
27136,27263,5923
27264,27391,5308
27392,27519,5431
27520,27647,5043
27648,27775,5676
27776,27903,5322
27904,28031,5704
28032,28159,5252
28160,28287,5789
28288,28415,5753
28416,28543,6026
28544,28671,5763
28672,28799,5961
28800,28927,6513
28928,29055,6728
29056,29183,6625
29184,29311,6685
29312,29439,7102
29440,29567,7590
29568,29695,8234
29696,29823,7764
29824,29951,8365
29952,30079,8796
30080,30207,10405
30208,30335,9777
30336,30463,10562
30464,30591,10138
30592,30719,12320
30720,30847,11995
30848,30975,12943
30976,31103,11944
31104,31231,13830
31232,31359,13927
31360,31487,15486
31488,31615,14120
31616,31743,15018
31744,31871,15656
31872,31999,17360
32000,32127,16795
32128,32255,17011
32256,32383,18164
32384,32511,19853
32512,32639,21057
32640,32767,20763
32768,33023,44969
33024,33279,52001
33280,33535,54536
33536,33791,61465
33792,34047,64078
34048,34303,66934
34304,34559,69564
34560,34815,67257
34816,35071,69922
35072,35327,65713
35328,35583,66479
35584,35839,64123
35840,36095,62332
36096,36351,62404
36352,36607,59879
36608,36863,61306
36864,37119,58334
37120,37375,59998
37376,37631,57978
37632,37887,58628
37888,38143,57451
38144,38399,56779
38400,38655,57080
38656,38911,54465
38912,39167,56812
39168,39423,53802
39424,39679,56487
39680,39935,55019
39936,40191,55710
40192,40447,56299
40448,40703,53980
40704,40959,55614
40960,41215,51291
41216,41471,51875
41472,41727,47846
41728,41983,46852
41984,42239,44747
42240,42495,42331
42496,42751,41393
42752,43007,38809
43008,43263,38959
43264,43519,35650
43520,43775,35982
43776,44031,33272
44032,44287,33003
44288,44543,31447
44544,44799,30574
44800,45055,30108
45056,45311,28401
45312,45567,28695
45568,45823,26790
45824,46079,27862
46080,46335,26464
46336,46591,26615
46592,46847,26592
46848,47103,26420
47104,47359,28765
47360,47615,28999
47616,47871,32618
47872,48127,33231
48128,48383,37075
48384,48639,39714
48640,48895,42170
48896,49151,45930
49152,49407,47245
49408,49663,52207
49664,49919,51513
49920,50175,55340
50176,50431,54290
50432,50687,55100
50688,50943,55250
50944,51199,54304
51200,51455,55171
51456,51711,53062
51712,51967,54561
51968,52223,52462
52224,52479,52670
52480,52735,51618
52736,52991,50465
52992,53247,50098
53248,53503,48316
53504,53759,47934
53760,54015,46135
54016,54271,45037
54272,54527,43546
54528,54783,41633
54784,55039,41012
55040,55295,39008
55296,55551,38556
55552,55807,36676
55808,56063,35960
56064,56319,34823
56320,56575,33540
56576,56831,32541
56832,57087,30861
57088,57343,30490
57344,57599,28958
57600,57855,28439
57856,58111,26992
58112,58367,26048
58368,58623,25093
58624,58879,24206
58880,59135,23846
59136,59391,22938
59392,59647,22693
59648,59903,21573
59904,60159,21258
60160,60415,20718
60416,60671,20668
60672,60927,20009
60928,61183,19577
61184,61439,19659
61440,61695,19024
61696,61951,18908
61952,62207,18380
62208,62463,18342
62464,62719,18001
62720,62975,17935
62976,63231,18067
63232,63487,17511
63488,63743,17516
63744,63999,17101
64000,64255,17261
64256,64511,16978
64512,64767,16930
64768,65023,16782
65024,65279,16953
65280,65535,16917
65536,66047,33089
66048,66559,33428
66560,67071,33080
67072,67583,33020
67584,68095,33229
68096,68607,33237
68608,69119,33238
69120,69631,33681
69632,70143,33431
70144,70655,33521
70656,71167,33868
71168,71679,33791
71680,72191,33858
72192,72703,33852
72704,73215,33563
73216,73727,33909
73728,74239,34908
74240,74751,34374
74752,75263,34231
75264,75775,34525
75776,76287,34224
76288,76799,34086
76800,77311,33505
77312,77823,32949
77824,78335,32072
78336,78847,31174
78848,79359,29222
79360,79871,26804
79872,80383,25060
80384,80895,22616
80896,81407,21332
81408,81919,19902
81920,82431,18727
82432,82943,17624
82944,83455,17266
83456,83967,16618
83968,84479,16190
84480,84991,15774
84992,85503,15476
85504,86015,14882
86016,86527,14771
86528,87039,13948
87040,87551,13994
87552,88063,13433
88064,88575,13058
88576,89087,12763
89088,89599,12749
89600,90111,12642
90112,90623,12157
90624,91135,11916
91136,91647,11662
91648,92159,11663
92160,92671,11378
92672,93183,11253
93184,93695,11179
93696,94207,10961
94208,94719,10597
94720,95231,10584
95232,95743,10521
95744,96255,10236
96256,96767,10246
96768,97279,10156
97280,97791,9738
97792,98303,9675
98304,98815,9477
98816,99327,9308
99328,99839,9146
99840,100351,8844
100352,100863,8835
100864,101375,8780
101376,101887,8650
101888,102399,8495
102400,102911,8373
102912,103423,8156
103424,103935,8022
103936,104447,7887
104448,104959,7895
104960,105471,7688
105472,105983,7769
105984,106495,7550
106496,107007,7608
107008,107519,7463
107520,108031,7325
108032,108543,7236
108544,109055,6996
109056,109567,6932
109568,110079,6860
110080,110591,6650
110592,111103,6669
111104,111615,6487
111616,112127,6436
112128,112639,6351
112640,113151,6231
113152,113663,6241
113664,114175,6205
114176,114687,6080
114688,115199,6044
115200,115711,5873
115712,116223,5822
116224,116735,5980
116736,117247,5932
117248,117759,5829
117760,118271,5902
118272,118783,5604
118784,119295,5703
119296,119807,5690
119808,120319,5560
120320,120831,5509
120832,121343,5593
121344,121855,5557
121856,122367,5508
122368,122879,5481
122880,123391,5320
123392,123903,5305
123904,124415,5289
124416,124927,5240
124928,125439,5339
125440,125951,5112
125952,126463,5276
126464,126975,5216
126976,127487,5187
127488,127999,5162
128000,128511,5134
128512,129023,5189
129024,129535,5215
129536,130047,5259
130048,130559,5229
130560,131071,5257
131072,132095,10693
132096,133119,10553
133120,134143,10539
134144,135167,10552
135168,136191,10537
136192,137215,10532
137216,138239,10312
138240,139263,10414
139264,140287,10436
140288,141311,10201
141312,142335,10217
142336,143359,10077
143360,144383,10350
144384,145407,10396
145408,146431,10639
146432,147455,10549
147456,148479,10416
148480,149503,10155
149504,150527,10211
150528,151551,10031
151552,152575,9794
152576,153599,9757
153600,154623,9394
154624,155647,9436
155648,156671,9337
156672,157695,9255
157696,158719,9350
158720,159743,9012
159744,160767,8906
160768,161791,9028
161792,162815,8829
162816,163839,8929
163840,164863,8621
164864,165887,8608
165888,166911,8477
166912,167935,8627
167936,168959,8483
168960,169983,8448
169984,171007,8577
171008,172031,8640
172032,173055,8706
173056,174079,9568
174080,175103,11478
175104,176127,11118
176128,177151,10032
177152,178175,9781
178176,179199,9449
179200,180223,9061
180224,181247,8772
181248,182271,8542
182272,183295,8537
183296,184319,8240
184320,185343,8200
185344,186367,8127
186368,187391,7630
187392,188415,7732
188416,189439,7660
189440,190463,7617
190464,191487,7518
191488,192511,7653
192512,193535,7683
193536,194559,7860
194560,195583,7957
195584,196607,7943
196608,197631,8044
197632,198655,7993
198656,199679,7953
199680,200703,8118
200704,201727,8162
201728,202751,8390
202752,203775,8797
203776,204799,9388
204800,205823,9516
205824,206847,10034
206848,207871,10476
207872,208895,10526
208896,209919,10907
209920,210943,10940
210944,211967,11037
211968,212991,11052
212992,214015,11030
214016,215039,10999
215040,216063,10954
216064,217087,10739
217088,218111,10793
218112,219135,10765
219136,220159,10620
220160,221183,10579
221184,222207,10537
222208,223231,10505
223232,224255,10292
224256,225279,10669
225280,226303,10262
226304,227327,10058
227328,228351,10481
228352,229375,10529
229376,230399,10073
230400,231423,10165
231424,232447,10193
232448,233471,9996
233472,234495,9395
234496,235519,9583
235520,236543,9548
236544,237567,9208
237568,238591,9110
238592,239615,9677
239616,240639,9814
240640,241663,9154
241664,242687,9132
242688,243711,9299
243712,244735,9049
244736,245759,8747
245760,246783,8973
246784,247807,9347
247808,248831,8809
248832,249855,8248
249856,250879,7794
250880,251903,7598
251904,252927,7430
252928,253951,7440
253952,254975,7255
254976,255999,7166
256000,257023,7235
257024,258047,7138
258048,259071,6826
259072,260095,6784
260096,261119,7002
261120,262143,7562
262144,264191,16323
264192,266239,16082
266240,268287,14910
268288,270335,14425
270336,272383,14510
272384,274431,14470
274432,276479,14614
276480,278527,14738
278528,280575,15423
280576,282623,15236
282624,284671,15385
284672,286719,16043
286720,288767,16375
288768,290815,16547
290816,292863,16213
292864,294911,16545
294912,296959,16491
296960,299007,16359
299008,301055,16363
301056,303103,16623
303104,305151,16746
305152,307199,16804
307200,309247,16867
309248,311295,16460
311296,313343,16259
313344,315391,16024
315392,317439,15888
317440,319487,15497
319488,321535,15478
321536,323583,15487
323584,325631,14950
325632,327679,14506
327680,329727,14236
329728,331775,14167
331776,333823,14358
333824,335871,14486
335872,337919,14572
337920,339967,14517
339968,342015,14864
342016,344063,14716
344064,346111,14658
346112,348159,15271
348160,350207,14976
350208,352255,14520
352256,354303,14131
354304,356351,13735
356352,358399,13562
358400,360447,13474
360448,362495,13501
362496,364543,13128
364544,366591,12929
366592,368639,12521
368640,370687,12524
370688,372735,12363
372736,374783,12000
374784,376831,12003
376832,378879,11912
378880,380927,11892
380928,382975,11937
382976,385023,11887
385024,387071,11565
387072,389119,11620
389120,391167,11563
391168,393215,11556
393216,395263,11746
395264,397311,11644
397312,399359,11538
399360,401407,11527
401408,403455,11367
403456,405503,11968
405504,407551,12289
407552,409599,11971
409600,411647,11796
411648,413695,11788
413696,415743,11637
415744,417791,11512
417792,419839,11518
419840,421887,11385
421888,423935,11677
423936,425983,11523
425984,428031,11184
428032,430079,11138
430080,432127,10934
432128,434175,10768
434176,436223,10497
436224,438271,10447
438272,440319,10513
440320,442367,10266
442368,444415,10361
444416,446463,10364
446464,448511,10303
448512,450559,10307
450560,452607,10254
452608,454655,10251
454656,456703,10200
456704,458751,10150
458752,460799,10210
460800,462847,10307
462848,464895,10075
464896,466943,10310
466944,468991,10225
468992,471039,10577
471040,473087,10728
473088,475135,10932
475136,477183,10949
477184,479231,11066
479232,481279,10805
481280,483327,10755
483328,485375,10727
485376,487423,10767
487424,489471,10775
489472,491519,10914
491520,493567,11091
493568,495615,11866
495616,497663,12420
497664,499711,13646
499712,501759,17023
501760,503807,21153
503808,505855,26243
505856,507903,28615
507904,509951,29979
509952,511999,29735
512000,514047,29134
514048,516095,28045
516096,518143,27107
518144,520191,26172
520192,522239,25529
522240,524287,24437
524288,528383,47700
528384,532479,46159
532480,536575,45505
536576,540671,43922
540672,544767,42661
544768,548863,41166
548864,552959,39926
552960,557055,38301
557056,561151,37434
561152,565247,36365
565248,569343,35713
569344,573439,34801
573440,577535,33620
577536,581631,32788
581632,585727,32131
585728,589823,30960
589824,593919,30468
593920,598015,30241
598016,602111,29014
602112,606207,28736
606208,610303,28820
610304,614399,29335
614400,618495,28850
618496,622591,28162
622592,626687,26812
626688,630783,26302
630784,634879,25664
634880,638975,25654
638976,643071,25521
643072,647167,25725
647168,651263,26406
651264,655359,26529
655360,659455,26928
659456,663551,26502
663552,667647,25922
667648,671743,25514
671744,675839,24964
675840,679935,25184
679936,684031,24901
684032,688127,24976
688128,692223,24519
692224,696319,23707
696320,700415,23705
700416,704511,23249
704512,708607,22933
708608,712703,22847
712704,716799,22356
716800,720895,22562
720896,724991,23629
724992,729087,23162
729088,733183,21381
733184,737279,20917
737280,741375,20580
741376,745471,19985
745472,749567,19598
749568,753663,19217
753664,757759,19230
757760,761855,18938
761856,765951,18793
765952,770047,18899
770048,774143,18299
774144,778239,17506
778240,782335,17774
782336,786431,17446
786432,790527,17377
790528,794623,16929
794624,798719,16931
798720,802815,16877
802816,806911,16652
806912,811007,16289
811008,815103,16590
815104,819199,16378
819200,823295,16267
823296,827391,16107
827392,831487,16164
831488,835583,15974
835584,839679,15814
839680,843775,15659
843776,847871,15488
847872,851967,15443
851968,856063,15475
856064,860159,15311
860160,864255,15098
864256,868351,14891
868352,872447,14904
872448,876543,14943
876544,880639,15153
880640,884735,14803
884736,888831,14537
888832,892927,14437
892928,897023,14257
897024,901119,14371
901120,905215,14055
905216,909311,13955
909312,913407,13860
913408,917503,13591
917504,921599,13526
921600,925695,13839
925696,929791,13679
929792,933887,13452
933888,937983,13477
937984,942079,13428
942080,946175,13454
946176,950271,13356
950272,954367,13662
954368,958463,13687
958464,962559,13850
962560,966655,14088
966656,970751,13972
970752,974847,14275
974848,978943,14624
978944,983039,15222
983040,987135,15311
987136,991231,16401
991232,995327,19784
995328,999423,27255
999424,1003519,33771
1003520,1007615,35722
1007616,1011711,34827
1011712,1015807,33971
1015808,1019903,32819
1019904,1023999,32831
1024000,1028095,33576
1028096,1032191,30938
1032192,1036287,29558
1036288,1040383,29913
1040384,1044479,34376
1044480,1048575,37819
1048576,1056767,78506
1056768,1064959,74558
1064960,1073151,74189
1073152,1081343,68376
1081344,1089535,63359
1089536,1097727,59982
1097728,1105919,55870
1105920,1114111,51802
1114112,1122303,49105
1122304,1130495,46817
1130496,1138687,45095
1138688,1146879,43348
1146880,1155071,41594
1155072,1163263,40656
1163264,1171455,39878
1171456,1179647,39421
1179648,1187839,39585
1187840,1196031,40112
1196032,1204223,39206
1204224,1212415,40384
1212416,1220607,39524
1220608,1228799,37744
1228800,1236991,36344
1236992,1245183,34387
1245184,1253375,33463
1253376,1261567,32441
1261568,1269759,31832
1269760,1277951,31546
1277952,1286143,31584
1286144,1294335,32775
1294336,1302527,31514
1302528,1310719,31171
1310720,1318911,30880
1318912,1327103,29823
1327104,1335295,28918
1335296,1343487,29107
1343488,1351679,29027
1351680,1359871,28660
1359872,1368063,28174
1368064,1376255,27660
1376256,1384447,27030
1384448,1392639,27060
1392640,1400831,26618
1400832,1409023,26194
1409024,1417215,26424
1417216,1425407,25931
1425408,1433599,25195
1433600,1441791,25370
1441792,1449983,25109
1449984,1458175,24514
1458176,1466367,24637
1466368,1474559,24625
1474560,1482751,24122
1482752,1490943,23730
1490944,1499135,23220
1499136,1507327,22861
1507328,1515519,22703
1515520,1523711,22573
1523712,1531903,22478
1531904,1540095,22290
1540096,1548287,21949
1548288,1556479,22031
1556480,1564671,21580
1564672,1572863,21503
1572864,1581055,21379
1581056,1589247,21400
1589248,1597439,20935
1597440,1605631,20471
1605632,1613823,20343
1613824,1622015,20056
1622016,1630207,19836
1630208,1638399,19710
1638400,1646591,19586
1646592,1654783,18953
1654784,1662975,19199
1662976,1671167,18865
1671168,1679359,18545
1679360,1687551,18561
1687552,1695743,18193
1695744,1703935,18183
1703936,1712127,18034
1712128,1720319,17837
1720320,1728511,17554
1728512,1736703,17624
1736704,1744895,17297
1744896,1753087,16783
1753088,1761279,16735
1761280,1769471,16881
1769472,1777663,16648
1777664,1785855,16088
1785856,1794047,16245
1794048,1802239,16071
1802240,1810431,16004
1810432,1818623,15866
1818624,1826815,15637
1826816,1835007,15766
1835008,1843199,15383
1843200,1851391,15277
1851392,1859583,15264
1859584,1867775,15357
1867776,1875967,15393
1875968,1884159,15018
1884160,1892351,14860
1892352,1900543,14893
1900544,1908735,14450
1908736,1916927,14572
1916928,1925119,14788
1925120,1933311,14782
1933312,1941503,14816
1941504,1949695,14743
1949696,1957887,14248
1957888,1966079,14117
1966080,1974271,14082
1974272,1982463,13842
1982464,1990655,13777
1990656,1998847,14468
1998848,2007039,14118
2007040,2015231,14130
2015232,2023423,13839
2023424,2031615,13286
2031616,2039807,13147
2039808,2047999,12783
2048000,2056191,12917
2056192,2064383,12692
2064384,2072575,12701
2072576,2080767,12478
2080768,2088959,12411
2088960,2097151,12120
2097152,2113535,23974
2113536,2129919,23120
2129920,2146303,23047
2146304,2162687,22582
2162688,2179071,21878
2179072,2195455,21682
2195456,2211839,21156
2211840,2228223,20498
2228224,2244607,20921
2244608,2260991,20364
2260992,2277375,20336
2277376,2293759,19818
2293760,2310143,19764
2310144,2326527,19404
2326528,2342911,19029
2342912,2359295,18916
2359296,2375679,18582
2375680,2392063,18239
2392064,2408447,18003
2408448,2424831,17845
2424832,2441215,17621
2441216,2457599,17294
2457600,2473983,17240
2473984,2490367,17049
2490368,2506751,16860
2506752,2523135,16805
2523136,2539519,16322
2539520,2555903,16407
2555904,2572287,16172
2572288,2588671,15895
2588672,2605055,16086
2605056,2621439,15513
2621440,2637823,15720
2637824,2654207,15610
2654208,2670591,15838
2670592,2686975,15608
2686976,2703359,15421
2703360,2719743,18483
2719744,2736127,17508
2736128,2752511,16549
2752512,2768895,15979
2768896,2785279,15367
2785280,2801663,15339
2801664,2818047,14745
2818048,2834431,14476
2834432,2850815,14515
2850816,2867199,14310
2867200,2883583,14197
2883584,2899967,14086
2899968,2916351,14227
2916352,2932735,14094
2932736,2949119,13992
2949120,2965503,13924
2965504,2981887,13944
2981888,2998271,14334
2998272,3014655,14529
3014656,3031039,15353
3031040,3047423,15414
3047424,3063807,14708
3063808,3080191,14572
3080192,3096575,14200
3096576,3112959,14020
3112960,3129343,13838
3129344,3145727,13433
3145728,3162111,13304
3162112,3178495,13225
3178496,3194879,13123
3194880,3211263,12894
3211264,3227647,12972
3227648,3244031,12684
3244032,3260415,12709
3260416,3276799,12408
3276800,3293183,12011
3293184,3309567,12290
3309568,3325951,11936
3325952,3342335,11991
3342336,3358719,11996
3358720,3375103,11883
3375104,3391487,11726
3391488,3407871,11706
3407872,3424255,11614
3424256,3440639,11486
3440640,3457023,11475
3457024,3473407,11225
3473408,3489791,11401
3489792,3506175,11392
3506176,3522559,11204
3522560,3538943,10930
3538944,3555327,10857
3555328,3571711,10942
3571712,3588095,10806
3588096,3604479,10854
3604480,3620863,10674
3620864,3637247,10664
3637248,3653631,10672
3653632,3670015,10484
3670016,3686399,10648
3686400,3702783,10334
3702784,3719167,10389
3719168,3735551,10364
3735552,3751935,10311
3751936,3768319,10366
3768320,3784703,10409
3784704,3801087,10170
3801088,3817471,10196
3817472,3833855,10223
3833856,3850239,10004
3850240,3866623,10284
3866624,3883007,10122
3883008,3899391,10345
3899392,3915775,10316
3915776,3932159,10314
3932160,3948543,10266
3948544,3964927,10023
3964928,3981311,10459
3981312,3997695,10698
3997696,4014079,10884
4014080,4030463,11434
4030464,4046847,12630
4046848,4063231,40303
4063232,4079615,12876
4079616,4095999,10559
4096000,4112383,11397
4112384,4128767,17297
4128768,4145151,12037
4145152,4161535,10247
4161536,4177919,9830
4177920,4194303,10451
4194304,4227071,19951
4227072,4259839,18366
4259840,4292607,18299
4292608,4325375,17725
4325376,4358143,17684
4358144,4390911,18162
4390912,4423679,17914
4423680,4456447,18116
4456448,4489215,18033
4489216,4521983,17578
4521984,4554751,17775
4554752,4587519,17602
4587520,4620287,17766
4620288,4653055,17600
4653056,4685823,17377
4685824,4718591,17312
4718592,4751359,17322
4751360,4784127,16954
4784128,4816895,16983
4816896,4849663,16821
4849664,4882431,16832
4882432,4915199,17123
4915200,4947967,18097
4947968,4980735,21289
4980736,5013503,132702
5013504,5046271,72875
5046272,5079039,46736
5079040,5111807,18655
5111808,5144575,16329
5144576,5177343,16263
5177344,5210111,16125
5210112,5242879,16346
5242880,5275647,16602
5275648,5308415,15943
5308416,5341183,16187
5341184,5373951,16576
5373952,5406719,17805
5406720,5439487,18106
5439488,5472255,19709
5472256,5505023,21610
5505024,5537791,20135
5537792,5570559,17626
5570560,5603327,16394
5603328,5636095,15768
5636096,5668863,15501
5668864,5701631,15019
5701632,5734399,14638
5734400,5767167,14912
5767168,5799935,14368
5799936,5832703,14543
5832704,5865471,14779
5865472,5898239,14611
5898240,5931007,14504
5931008,5963775,14819
5963776,5996543,15963
5996544,6029311,17924
6029312,6062079,98854
6062080,6094847,20968
6094848,6127615,14679
6127616,6160383,13515
6160384,6193151,12929
6193152,6225919,13001
6225920,6258687,12526
6258688,6291455,12811
6291456,6324223,12341
6324224,6356991,12416
6356992,6389759,12135
6389760,6422527,11447
6422528,6455295,11279
6455296,6488063,11274
6488064,6520831,11143
6520832,6553599,11036
6553600,6586367,10912
6586368,6619135,10820
6619136,6651903,10753
6651904,6684671,10547
6684672,6717439,10501
6717440,6750207,10430
6750208,6782975,10617
6782976,6815743,10357
6815744,6848511,10351
6848512,6881279,10380
6881280,6914047,10328
6914048,6946815,10225
6946816,6979583,10303
6979584,7012351,10589
7012352,7045119,10459
7045120,7077887,10308
7077888,7110655,10409
7110656,7143423,10240
7143424,7176191,9980
7176192,7208959,9997
7208960,7241727,10138
7241728,7274495,10022
7274496,7307263,9971
7307264,7340031,9933
7340032,7372799,9924
7372800,7405567,9846
7405568,7438335,9854
7438336,7471103,9884
7471104,7503871,9702
7503872,7536639,9914
7536640,7569407,9730
7569408,7602175,9635
7602176,7634943,9619
7634944,7667711,9663
7667712,7700479,9841
7700480,7733247,9797
7733248,7766015,9865
7766016,7798783,9640
7798784,7831551,9649
7831552,7864319,9769
7864320,7897087,9769
7897088,7929855,9680
7929856,7962623,9633
7962624,7995391,9633
7995392,8028159,9909
8028160,8060927,9848
8060928,8093695,9800
8093696,8126463,9977
8126464,8159231,9819
8159232,8191999,9941
8192000,8224767,9769
8224768,8257535,9750
8257536,8290303,9775
8290304,8323071,9638
8323072,8355839,9758
8355840,8388607,9761
8388608,8454143,19420
8454144,8519679,18782
8519680,8585215,18589
8585216,8650751,18564
8650752,8716287,18409
8716288,8781823,17948
8781824,8847359,18140
8847360,8912895,17887
8912896,8978431,17896
8978432,9043967,18554
9043968,9109503,18261
9109504,9175039,18373
9175040,9240575,18351
9240576,9306111,19086
9306112,9371647,19652
9371648,9437183,20449
9437184,9502719,20869
9502720,9568255,22098
9568256,9633791,23364
9633792,9699327,22930
9699328,9764863,23213
9764864,9830399,23048
9830400,9895935,23815
9895936,9961471,28852
9961472,10027007,134721
10027008,10092543,171902
10092544,10158079,157780
10158080,10223615,145740
10223616,10289151,117868
10289152,10354687,110144
10354688,10420223,106385
10420224,10485759,409478
10485760,10551295,91165
10551296,10616831,25421
10616832,10682367,22517
10682368,10747903,21373
10747904,10813439,20311
10813440,10878975,20055
10878976,10944511,20364
10944512,11010047,19013
11010048,11075583,19048
11075584,11141119,18992
11141120,11206655,18127
11206656,11272191,17655
11272192,11337727,17377
11337728,11403263,16819
11403264,11468799,16698
11468800,11534335,16505
11534336,11599871,16426
11599872,11665407,16295
11665408,11730943,16113
11730944,11796479,15659
11796480,11862015,15377
11862016,11927551,15305
11927552,11993087,14837
11993088,12058623,14695
12058624,12124159,14414
12124160,12189695,14112
12189696,12255231,13747
12255232,12320767,13415
12320768,12386303,13458
12386304,12451839,13470
12451840,12517375,13131
12517376,12582911,13293
12582912,12648447,13051
12648448,12713983,12674
12713984,12779519,12599
12779520,12845055,12669
12845056,12910591,12566
12910592,12976127,12321
12976128,13041663,12451
13041664,13107199,12182
13107200,13172735,12344
13172736,13238271,11896
13238272,13303807,11856
13303808,13369343,11884
13369344,13434879,11672
13434880,13500415,11836
13500416,13565951,11770
13565952,13631487,11530
13631488,13697023,11695
13697024,13762559,11712
13762560,13828095,11781
13828096,13893631,11796
13893632,13959167,11793
13959168,14024703,11589
14024704,14090239,11363
14090240,14155775,11479
14155776,14221311,11440
14221312,14286847,11329
14286848,14352383,11516
14352384,14417919,11465
14417920,14483455,11228
14483456,14548991,11358
14548992,14614527,11661
14614528,14680063,11914
14680064,14745599,13231
14745600,14811135,13301
14811136,14876671,12846
14876672,14942207,12829
14942208,15007743,12966
15007744,15073279,13348
15073280,15138815,12997
15138816,15204351,12804
15204352,15269887,12264
15269888,15335423,11885
15335424,15400959,11544
15400960,15466495,11523
15466496,15532031,11233
15532032,15597567,10948
15597568,15663103,11020
15663104,15728639,10989
15728640,15794175,11150
15794176,15859711,11000
15859712,15925247,10664
15925248,15990783,10381
15990784,16056319,10430
16056320,16121855,10095
16121856,16187391,10001
16187392,16252927,9986
16252928,16318463,9718
16318464,16383999,9782
16384000,16449535,9789
16449536,16515071,9648
16515072,16580607,9603
16580608,16646143,9559
16646144,16711679,9563
16711680,16777215,9895
16777216,16908287,19215
16908288,17039359,19314
17039360,17170431,19318
17170432,17301503,18875
17301504,17432575,18577
17432576,17563647,18554
17563648,17694719,18615
17694720,17825791,18523
17825792,17956863,18359
17956864,18087935,18573
18087936,18219007,18203
18219008,18350079,18406
18350080,18481151,17750
18481152,18612223,18134
18612224,18743295,18428
18743296,18874367,18822
18874368,19005439,18740
19005440,19136511,18954
19136512,19267583,18889
19267584,19398655,19229
19398656,19529727,20050
19529728,19660799,20632
19660800,19791871,21815
19791872,19922943,23510
19922944,20054015,109233
20054016,20185087,44423
20185088,20316159,44893
20316160,20447231,47844
20447232,20578303,42796
20578304,20709375,34581
20709376,20840447,28562
20840448,20971519,24206
20971520,21102591,20923
21102592,21233663,18810
21233664,21364735,18131
21364736,21495807,17592
21495808,21626879,17351
21626880,21757951,16842
21757952,21889023,16688
21889024,22020095,16892
22020096,22151167,17046
22151168,22282239,16234
22282240,22413311,16282
22413312,22544383,16286
22544384,22675455,16164
22675456,22806527,15793
22806528,22937599,15501
22937600,23068671,15725
23068672,23199743,15520
23199744,23330815,15286
23330816,23461887,15475
23461888,23592959,15287
23592960,23724031,15399
23724032,23855103,15152
23855104,23986175,15392
23986176,24117247,15783
24117248,24248319,15562
24248320,24379391,15497
24379392,24510463,16072
24510464,24641535,16429
24641536,24772607,17094
24772608,24903679,17169
24903680,25034751,23320
25034752,25165823,20720
25165824,25296895,17162
25296896,25427967,17349
25427968,25559039,17035
25559040,25690111,17111
25690112,25821183,16565
25821184,25952255,17276
25952256,26083327,17331
26083328,26214399,16842
26214400,26345471,16659
26345472,26476543,16463
26476544,26607615,16381
26607616,26738687,16339
26738688,26869759,16335
26869760,27000831,16317
27000832,27131903,16818
27131904,27262975,16288
27262976,27394047,16140
27394048,27525119,16206
27525120,27656191,15890
27656192,27787263,15918
27787264,27918335,16068
27918336,28049407,16305
28049408,28180479,16608
28180480,28311551,16463
28311552,28442623,16270
28442624,28573695,16902
28573696,28704767,17300
28704768,28835839,17569
28835840,28966911,18314
28966912,29097983,18748
29097984,29229055,18853
29229056,29360127,20338
29360128,29491199,22256
29491200,29622271,24325
29622272,29753343,27822
29753344,29884415,32607
29884416,30015487,2072527
30015488,30146559,71364
30146560,30277631,34234
30277632,30408703,35630
30408704,30539775,25921
30539776,30670847,21582
30670848,30801919,19399
30801920,30932991,17465
30932992,31064063,16609
31064064,31195135,14974
31195136,31326207,14671
31326208,31457279,13904
31457280,31588351,13431
31588352,31719423,12973
31719424,31850495,12625
31850496,31981567,12631
31981568,32112639,12640
32112640,32243711,12174
32243712,32374783,11994
32374784,32505855,11668
32505856,32636927,11581
32636928,32767999,11563
32768000,32899071,11391
32899072,33030143,11675
33030144,33161215,11380
33161216,33292287,11437
33292288,33423359,11419
33423360,33554431,11448
33554432,33816575,22333
33816576,34078719,22398
34078720,34340863,21703
34340864,34603007,21243
34603008,34865151,20953
34865152,35127295,21361
35127296,35389439,20675
35389440,35651583,20191
35651584,35913727,20129
35913728,36175871,20537
36175872,36438015,19936
36438016,36700159,19615
36700160,36962303,19841
36962304,37224447,19783
37224448,37486591,19312
37486592,37748735,19291
37748736,38010879,19090
38010880,38273023,19141
38273024,38535167,18832
38535168,38797311,18535
38797312,39059455,18963
39059456,39321599,19025
39321600,39583743,18672
39583744,39845887,18579
39845888,40108031,31686
40108032,40370175,18738
40370176,40632319,18138
40632320,40894463,17655
40894464,41156607,18250
41156608,41418751,17439
41418752,41680895,17674
41680896,41943039,17261
41943040,42205183,17440
42205184,42467327,17202
42467328,42729471,16741
42729472,42991615,16891
42991616,43253759,17315
43253760,43515903,16369
43515904,43778047,16698
43778048,44040191,16690
44040192,44302335,16665
44302336,44564479,16347
44564480,44826623,16375
44826624,45088767,17118
45088768,45350911,16799
45350912,45613055,16340
45613056,45875199,16333
45875200,46137343,16920
46137344,46399487,16296
46399488,46661631,15992
46661632,46923775,15673
46923776,47185919,15980
47185920,47448063,15798
47448064,47710207,15461
47710208,47972351,15843
47972352,48234495,16131
48234496,48496639,16356
48496640,48758783,18304
48758784,49020927,20022
49020928,49283071,22676
49283072,49545215,33290
49545216,49807359,47974
49807360,50069503,269178
50069504,50331647,46909
50331648,50593791,28388
50593792,50855935,23264
50855936,51118079,21024
51118080,51380223,19240
51380224,51642367,18673
51642368,51904511,17907
51904512,52166655,17982
52166656,52428799,17435
52428800,52690943,17238
52690944,52953087,16951
52953088,53215231,16896
53215232,53477375,16694
53477376,53739519,16589
53739520,54001663,16501
54001664,54263807,16983
54263808,54525951,16492
54525952,54788095,16278
54788096,55050239,16468
55050240,55312383,16321
55312384,55574527,15670
55574528,55836671,15644
55836672,56098815,15826
56098816,56360959,15406
56360960,56623103,15222
56623104,56885247,15199
56885248,57147391,15538
57147392,57409535,14945
57409536,57671679,15180
57671680,57933823,15249
57933824,58195967,15472
58195968,58458111,15177
58458112,58720255,15389
58720256,58982399,15475
58982400,59244543,15976
59244544,59506687,15807
59506688,59768831,15510
59768832,60030975,17211
60030976,60293119,16384
60293120,60555263,15846
60555264,60817407,15621
60817408,61079551,15567
61079552,61341695,15383
61341696,61603839,15257
61603840,61865983,15196
61865984,62128127,15441
62128128,62390271,15006
62390272,62652415,14674
62652416,62914559,14929
62914560,63176703,15168
63176704,63438847,14691
63438848,63700991,14499
63700992,63963135,14981
63963136,64225279,14564
64225280,64487423,14578
64487424,64749567,14063
64749568,65011711,14363
65011712,65273855,14376
65273856,65535999,14125
65536000,65798143,14165
65798144,66060287,14199
66060288,66322431,14252
66322432,66584575,14023
66584576,66846719,14150
66846720,67108863,14524
67108864,67633151,28343
67633152,68157439,28447
68157440,68681727,27966
68681728,69206015,28946
69206016,69730303,29715
69730304,70254591,30695
70254592,70778879,32645
70778880,71303167,30886
71303168,71827455,30511
71827456,72351743,30040
72351744,72876031,29205
72876032,73400319,29022
73400320,73924607,29014
73924608,74448895,28814
74448896,74973183,28716
74973184,75497471,28678
75497472,76021759,27858
76021760,76546047,27370
76546048,77070335,27314
77070336,77594623,27050
77594624,78118911,27397
78118912,78643199,27349
78643200,79167487,27369
79167488,79691775,26935
79691776,80216063,57396
80216064,80740351,26698
80740352,81264639,25898
81264640,81788927,24973
81788928,82313215,25222
82313216,82837503,25012
82837504,83361791,24806
83361792,83886079,24706
83886080,84410367,24935
84410368,84934655,24534
84934656,85458943,24502
85458944,85983231,23886
85983232,86507519,24388
86507520,87031807,24468
87031808,87556095,24191
87556096,88080383,24358
88080384,88604671,24654
88604672,89128959,25222
89128960,89653247,25502
89653248,90177535,41351
90177536,90701823,24205
90701824,91226111,24340
91226112,91750399,24245
91750400,92274687,24539
92274688,92798975,24041
92798976,93323263,24396
93323264,93847551,24215
93847552,94371839,24661
94371840,94896127,24186
94896128,95420415,25136
95420416,95944703,25673
95944704,96468991,26196
96468992,96993279,25981
96993280,97517567,26882
97517568,98041855,28092
98041856,98566143,31363
98566144,99090431,37020
99090432,99614719,58173
99614720,100139007,183101
100139008,100663295,73792
100663296,101187583,64591
101187584,101711871,53696
101711872,102236159,45076
102236160,102760447,36920
102760448,103284735,34730
103284736,103809023,31611
103809024,104333311,32037
104333312,104857599,29586
104857600,105381887,30094
105381888,105906175,27732
105906176,106430463,29146
106430464,106954751,27306
106954752,107479039,28900
107479040,108003327,27327
108003328,108527615,28651
108527616,109051903,28700
109051904,109576191,28781
109576192,110100479,26750
110100480,110624767,26242
110624768,111149055,26992
111149056,111673343,26950
111673344,112197631,26850
112197632,112721919,24894
112721920,113246207,25465
113246208,113770495,28810
113770496,114294783,32464
114294784,114819071,28805
114819072,115343359,26536
115343360,115867647,23794
115867648,116391935,23739
116391936,116916223,22911
116916224,117440511,22234
117440512,117964799,22150
117964800,118489087,22034
118489088,119013375,22001
119013376,119537663,22653
119537664,120061951,21734
120061952,120586239,21310
120586240,121110527,21457
121110528,121634815,21816
121634816,122159103,21682
122159104,122683391,21378
122683392,123207679,21749
123207680,123731967,21707
123731968,124256255,21557
124256256,124780543,21371
124780544,125304831,22158
125304832,125829119,21155
125829120,126353407,21535
126353408,126877695,21506
126877696,127401983,21899
127401984,127926271,21276
127926272,128450559,20699
128450560,128974847,20498
128974848,129499135,20794
129499136,130023423,20309
130023424,130547711,20167
130547712,131071999,20188
131072000,131596287,19978
131596288,132120575,20115
132120576,132644863,20022
132644864,133169151,19544
133169152,133693439,20065
133693440,134217727,19795
134217728,135266303,38572
135266304,136314879,38039
136314880,137363455,37636
137363456,138412031,37391
138412032,139460607,37697
139460608,140509183,36604
140509184,141557759,35530
141557760,142606335,35457
142606336,143654911,35105
143654912,144703487,34915
144703488,145752063,41525
145752064,146800639,34150
146800640,147849215,33832
147849216,148897791,34984
148897792,149946367,35588
149946368,150994943,40314
150994944,152043519,34559
152043520,153092095,33712
153092096,154140671,33223
154140672,155189247,31813
155189248,156237823,31887
156237824,157286399,31247
157286400,158334975,32022
158334976,159383551,31968
159383552,160432127,34947
160432128,161480703,31015
161480704,162529279,30508
162529280,163577855,30304
163577856,164626431,30015
164626432,165675007,29811
165675008,166723583,29479
166723584,167772159,30043
167772160,168820735,30455
168820736,169869311,30699
169869312,170917887,29266
170917888,171966463,28913
171966464,173015039,28788
173015040,174063615,28866
174063616,175112191,30020
175112192,176160767,29766
176160768,177209343,29960
177209344,178257919,32235
178257920,179306495,33204
179306496,180355071,30890
180355072,181403647,28713
181403648,182452223,28905
182452224,183500799,28306
183500800,184549375,28227
184549376,185597951,28854
185597952,186646527,29254
186646528,187695103,30800
187695104,188743679,31954
188743680,189792255,32447
189792256,190840831,29477
190840832,191889407,29142
191889408,192937983,29726
192937984,193986559,28529
193986560,195035135,28123
195035136,196083711,28569
196083712,197132287,28328
197132288,198180863,29243
198180864,199229439,34789
199229440,200278015,108009
200278016,201326591,117276
201326592,202375167,55886
202375168,203423743,46716
203423744,204472319,42878
204472320,205520895,41531
205520896,206569471,39512
206569472,207618047,38801
207618048,208666623,38148
208666624,209715199,37621
209715200,210763775,36123
210763776,211812351,35520
211812352,212860927,34763
212860928,213909503,33689
213909504,214958079,33519
214958080,216006655,32801
216006656,217055231,33096
217055232,218103807,32504
218103808,219152383,32766
219152384,220200959,32342
220200960,221249535,31137
221249536,222298111,30821
222298112,223346687,31062
223346688,224395263,30774
224395264,225443839,31603
225443840,226492415,30379
226492416,227540991,30395
227540992,228589567,29779
228589568,229638143,30032
229638144,230686719,28985
230686720,231735295,29003
231735296,232783871,28395
232783872,233832447,28267
233832448,234881023,28514
234881024,235929599,27682
235929600,236978175,27659
236978176,238026751,27351
238026752,239075327,27697
239075328,240123903,27277
240123904,241172479,26800
241172480,242221055,26637
242221056,243269631,26824
243269632,244318207,26606
244318208,245366783,27300
245366784,246415359,26427
246415360,247463935,26668
247463936,248512511,27219
248512512,249561087,38270
249561088,250609663,106748
250609664,251658239,35255
251658240,252706815,33360
252706816,253755391,32194
253755392,254803967,32017
254803968,255852543,30918
255852544,256901119,31004
256901120,257949695,29896
257949696,258998271,29786
258998272,260046847,29991
260046848,261095423,29344
261095424,262143999,28959
262144000,263192575,28911
263192576,264241151,28884
264241152,265289727,28841
265289728,266338303,28133
266338304,267386879,28142
267386880,268435455,27819
268435456,270532607,55628
270532608,272629759,55412
272629760,274726911,54485
274726912,276824063,105817
276824064,278921215,46899
278921216,281018367,49038
281018368,283115519,45847
283115520,285212671,45999
285212672,287309823,45189
287309824,289406975,46316
289406976,291504127,45224
291504128,293601279,45129
293601280,295698431,46188
295698432,297795583,46571
297795584,299892735,60673
299892736,301989887,205624
301989888,304087039,53389
304087040,306184191,49152
306184192,308281343,46649
308281344,310378495,43850
310378496,312475647,42505
312475648,314572799,42943
314572800,316669951,42559
316669952,318767103,41821
318767104,320864255,42326
320864256,322961407,40814
322961408,325058559,40999
325058560,327155711,40946
327155712,329252863,41228
329252864,331350015,40485
331350016,333447167,39441
333447168,335544319,39412
335544320,337641471,39446
337641472,339738623,39597
339738624,341835775,38930
341835776,343932927,39359
343932928,346030079,38903
346030080,348127231,39585
348127232,350224383,73263
350224384,352321535,39676
352321536,354418687,40706
354418688,356515839,39622
356515840,358612991,38548
358612992,360710143,38020
360710144,362807295,38026
362807296,364904447,37469
364904448,367001599,37631
367001600,369098751,39204
369098752,371195903,38509
371195904,373293055,37802
373293056,375390207,38800
375390208,377487359,40639
377487360,379584511,43032
379584512,381681663,40671
381681664,383778815,37420
383778816,385875967,37566
385875968,387973119,37956
387973120,390070271,37860
390070272,392167423,37547
392167424,394264575,37422
394264576,396361727,37654
396361728,398458879,39745
398458880,400556031,58003
400556032,402653183,45680
402653184,404750335,37289
404750336,406847487,36628
406847488,408944639,36568
408944640,411041791,36170
411041792,413138943,35852
413138944,415236095,35417
415236096,417333247,35180
417333248,419430399,35131
419430400,421527551,34470
421527552,423624703,33723
423624704,425721855,33705
425721856,427819007,33909
427819008,429916159,34209
429916160,432013311,33835
432013312,434110463,34187
434110464,436207615,33998
436207616,438304767,33695
438304768,440401919,34045
440401920,442499071,33338
442499072,444596223,33342
444596224,446693375,33723
446693376,448790527,33718
448790528,450887679,34178
450887680,452984831,33399
452984832,455081983,33166
455081984,457179135,33075
457179136,459276287,33225
459276288,461373439,33058
461373440,463470591,32928
463470592,465567743,33138
465567744,467664895,32840
467664896,469762047,33180
469762048,471859199,33304
471859200,473956351,32160
473956352,476053503,32436
476053504,478150655,32918
478150656,480247807,32928
480247808,482344959,32643
482344960,484442111,32877
484442112,486539263,33362
486539264,488636415,33709
488636416,490733567,34601
490733568,492830719,34512
492830720,494927871,35776
494927872,497025023,39023
497025024,499122175,56286
499122176,501219327,1086807
501219328,503316479,235755
503316480,505413631,64148
505413632,507510783,52885
507510784,509607935,50029
509607936,511705087,49787
511705088,513802239,47336
513802240,515899391,46045
515899392,517996543,45103
517996544,520093695,44955
520093696,522190847,44786
522190848,524287999,44187
524288000,526385151,42856
526385152,528482303,42742
528482304,530579455,47033
530579456,532676607,42119
532676608,534773759,41010
534773760,536870911,40150
536870912,541065215,79915
541065216,545259519,78695
545259520,549453823,78410
549453824,553648127,79500
553648128,557842431,75934
557842432,562036735,75804
562036736,566231039,74303
566231040,570425343,75077
570425344,574619647,73755
574619648,578813951,72956
578813952,583008255,72863
583008256,587202559,71839
587202560,591396863,71689
591396864,595591167,72909
595591168,599785471,78760
599785472,603979775,84767
603979776,608174079,77270
608174080,612368383,83510
612368384,616562687,75979
616562688,620756991,69232
620756992,624951295,68082
624951296,629145599,67507
629145600,633339903,67208
633339904,637534207,65863
637534208,641728511,66375
641728512,645922815,65757
645922816,650117119,65932
650117120,654311423,65265
654311424,658505727,64428
658505728,662700031,64906
662700032,666894335,64235
666894336,671088639,64251
671088640,675282943,64651
675282944,679477247,63725
679477248,683671551,63111
683671552,687865855,62288
687865856,692060159,62309
692060160,696254463,61792
696254464,700448767,68070
700448768,704643071,66310
704643072,708837375,61418
708837376,713031679,60760
713031680,717225983,60453
717225984,721420287,60030
721420288,725614591,59235
725614592,729808895,59654
729808896,734003199,59389
734003200,738197503,59183
738197504,742391807,59909
742391808,746586111,59987
746586112,750780415,79229
750780416,754974719,66539
754974720,759169023,64256
759169024,763363327,63510
763363328,767557631,63167
767557632,771751935,62883
771751936,775946239,61223
775946240,780140543,56632
780140544,784334847,56655
784334848,788529151,56112
788529152,792723455,55485
792723456,796917759,55757
796917760,801112063,68510
801112064,805306367,57265
805306368,809500671,56255
809500672,813694975,55571
813694976,817889279,55118
817889280,822083583,55464
822083584,826277887,55735
826277888,830472191,55088
830472192,834666495,54147
834666496,838860799,53387
838860800,843055103,53621
843055104,847249407,53372
847249408,851443711,53460
851443712,855638015,52849
855638016,859832319,52700
859832320,864026623,52313
864026624,868220927,52148
868220928,872415231,52557
872415232,876609535,51441
876609536,880803839,52493
880803840,884998143,51875
884998144,889192447,52166
889192448,893386751,53121
893386752,897581055,53176
897581056,901775359,68287
901775360,905969663,52796
905969664,910163967,51848
910163968,914358271,51984
914358272,918552575,50810
918552576,922746879,50915
922746880,926941183,50447
926941184,931135487,51017
931135488,935329791,50511
935329792,939524095,51363
939524096,943718399,50734
943718400,947912703,50771
947912704,952107007,57624
952107008,956301311,49830
956301312,960495615,50674
960495616,964689919,51890
964689920,968884223,51771
968884224,973078527,53265
973078528,977272831,53900
977272832,981467135,54096
981467136,985661439,55301
985661440,989855743,102666
989855744,994050047,62936
994050048,998244351,81316
998244352,1002438655,529059
1002438656,1006632959,97636
1006632960,1010827263,70431
1010827264,1015021567,67585
1015021568,1019215871,63331
1019215872,1023410175,61260
1023410176,1027604479,59618
1027604480,1031798783,58822
1031798784,1035993087,56851
1035993088,1040187391,56085
1040187392,1044381695,55227
1044381696,1048575999,54465
1048576000,1052770303,54498
1052770304,1056964607,53588
1056964608,1061158911,53104
1061158912,1065353215,51530
1065353216,1069547519,51889
1069547520,1073741823,51212
1073741824,1082130431,101968
1082130432,1090519039,101200
1090519040,1098907647,101614
1098907648,1107296255,103514
1107296256,1115684863,95064
1115684864,1124073471,93648
1124073472,1132462079,91417
1132462080,1140850687,89477
1140850688,1149239295,89010
1149239296,1157627903,88602
1157627904,1166016511,87960
1166016512,1174405119,87560
1174405120,1182793727,91610
1182793728,1191182335,97205
1191182336,1199570943,110682
1199570944,1207959551,111484
1207959552,1216348159,92528
1216348160,1224736767,91130
1224736768,1233125375,94974
1233125376,1241513983,96851
1241513984,1249902591,100794
1249902592,1258291199,106788
1258291200,1266679807,101723
1266679808,1275068415,117852
1275068416,1283457023,112342
1283457024,1291845631,117245
1291845632,1300234239,134362
1300234240,1308622847,156939
1308622848,1317011455,118318
1317011456,1325400063,116357
1325400064,1333788671,112533
1333788672,1342177279,111674
1342177280,1350565887,111104
1350565888,1358954495,107689
1358954496,1367343103,104009
1367343104,1375731711,88805
1375731712,1384120319,87313
1384120320,1392508927,84784
1392508928,1400897535,89121
1400897536,1409286143,83021
1409286144,1417674751,77814
1417674752,1426063359,75986
1426063360,1434451967,75014
1434451968,1442840575,71149
1442840576,1451229183,70514
1451229184,1459617791,69802
1459617792,1468006399,69307
1468006400,1476395007,69558
1476395008,1484783615,69511
1484783616,1493172223,70496
1493172224,1501560831,214956
1501560832,1509949439,168684
1509949440,1518338047,70675
1518338048,1526726655,68012
1526726656,1535115263,67769
1535115264,1543503871,66932
1543503872,1551892479,65464
1551892480,1560281087,65806
1560281088,1568669695,65911
1568669696,1577058303,65574
1577058304,1585446911,65830
1585446912,1593835519,63630
1593835520,1602224127,69314
1602224128,1610612735,65394
1610612736,1619001343,64696
1619001344,1627389951,64403
1627389952,1635778559,64153
1635778560,1644167167,64200
1644167168,1652555775,64356
1652555776,1660944383,63520
1660944384,1669332991,63512
1669332992,1677721599,62956
1677721600,1686110207,63457
1686110208,1694498815,62245
1694498816,1702887423,66571
1702887424,1711276031,61367
1711276032,1719664639,59897
1719664640,1728053247,60937
1728053248,1736441855,61426
1736441856,1744830463,59779
1744830464,1753219071,65553
1753219072,1761607679,58966
1761607680,1769996287,58679
1769996288,1778384895,58212
1778384896,1786773503,58346
1786773504,1795162111,58830
1795162112,1803550719,63745
1803550720,1811939327,58902
1811939328,1820327935,58494
1820327936,1828716543,57713
1828716544,1837105151,57641
1837105152,1845493759,57778
1845493760,1853882367,56779
1853882368,1862270975,56969
1862270976,1870659583,57022
1870659584,1879048191,57269
1879048192,1887436799,56882
1887436800,1895825407,57343
1895825408,1904214015,60708
1904214016,1912602623,55382
1912602624,1920991231,55756
1920991232,1929379839,54754
1929379840,1937768447,55243
1937768448,1946157055,56536
1946157056,1954545663,56876
1954545664,1962934271,55834
1962934272,1971322879,56259
1971322880,1979711487,71369
1979711488,1988100095,57101
1988100096,1996488703,66337
1996488704,2004877311,359772
2004877312,2013265919,64303
2013265920,2021654527,61790
2021654528,2030043135,57856
2030043136,2038431743,56518
2038431744,2046820351,54947
2046820352,2055208959,53860
2055208960,2063597567,53756
2063597568,2071986175,53451
2071986176,2080374783,52704
2080374784,2088763391,53448
2088763392,2097151999,53048
2097152000,2105540607,57245
2105540608,2113929215,52562
2113929216,2122317823,51531
2122317824,2130706431,51773
2130706432,2139095039,51486
2139095040,2147483647,51086
2147483648,2164260863,102698
2164260864,2181038079,101135
2181038080,2197815295,103329
2197815296,2214592511,105843
2214592512,2231369727,99946
2231369728,2248146943,101313
2248146944,2264924159,106975
2264924160,2281701375,95120
2281701376,2298478591,96417
2298478592,2315255807,98529
2315255808,2332033023,93595
2332033024,2348810239,94413
2348810240,2365587455,93689
2365587456,2382364671,93262
2382364672,2399141887,96003
2399141888,2415919103,96197
2415919104,2432696319,90422
2432696320,2449473535,89405
2449473536,2466250751,89708
2466250752,2483027967,89512
2483027968,2499805183,93003
2499805184,2516582399,170857
2516582400,2533359615,89192
2533359616,2550136831,88178
2550136832,2566914047,88642
2566914048,2583691263,86678
2583691264,2600468479,86951
2600468480,2617245695,87388
2617245696,2634022911,85265
2634022912,2650800127,84973
2650800128,2667577343,83610
2667577344,2684354559,83220
2684354560,2701131775,84951
2701131776,2717908991,83573
2717908992,2734686207,81745
2734686208,2751463423,85346
2751463424,2768240639,81650
2768240640,2785017855,81848
2785017856,2801795071,82661
2801795072,2818572287,83221
2818572288,2835349503,80058
2835349504,2852126719,80445
2852126720,2868903935,80230
2868903936,2885681151,79257
2885681152,2902458367,81378
2902458368,2919235583,82410
2919235584,2936012799,78582
2936012800,2952790015,77722
2952790016,2969567231,86699
2969567232,2986344447,81978
2986344448,3003121663,206056
3003121664,3019898879,135695
3019898880,3036676095,113924
3036676096,3053453311,78492
3053453312,3070230527,76261
3070230528,3087007743,75738
3087007744,3103784959,76640
3103784960,3120562175,73962
3120562176,3137339391,73275
3137339392,3154116607,71907
3154116608,3170893823,70961
3170893824,3187671039,70683
3187671040,3204448255,74411
3204448256,3221225471,72194
3221225472,3238002687,70852
3238002688,3254779903,73629
3254779904,3271557119,69590
3271557120,3288334335,69157
3288334336,3305111551,71252
3305111552,3321888767,69188
3321888768,3338665983,67625
3338665984,3355443199,67163
3355443200,3372220415,67726
3372220416,3388997631,68485
3388997632,3405774847,71605
3405774848,3422552063,66781
3422552064,3439329279,65731
3439329280,3456106495,66465
3456106496,3472883711,66555
3472883712,3489660927,65459
3489660928,3506438143,86658
3506438144,3523215359,65836
3523215360,3539992575,64731
3539992576,3556769791,63922
3556769792,3573547007,63097
3573547008,3590324223,63553
3590324224,3607101439,66715
3607101440,3623878655,64115
3623878656,3640655871,62539
3640655872,3657433087,62047
3657433088,3674210303,61665
3674210304,3690987519,61323
3690987520,3707764735,63560
3707764736,3724541951,61343
3724541952,3741319167,61239
3741319168,3758096383,63557
3758096384,3774873599,60728
3774873600,3791650815,60889
3791650816,3808428031,61503
3808428032,3825205247,58973
3825205248,3841982463,58765
3841982464,3858759679,58242
3858759680,3875536895,58205
3875536896,3892314111,58147
3892314112,3909091327,60806
3909091328,3925868543,59371
3925868544,3942645759,57888
3942645760,3959422975,62973
3959422976,3976200191,59429
3976200192,3992977407,61393
3992977408,4009754623,114185
4009754624,4026531839,135034
4026531840,4043309055,84188
4043309056,4060086271,60214
4060086272,4076863487,57596
4076863488,4093640703,57123
4093640704,4110417919,57866
4110417920,4127195135,56093
4127195136,4143972351,55587
4143972352,4160749567,55051
4160749568,4177526783,54271
4177526784,4194303999,55034
4194304000,4211081215,56859
4211081216,4227858431,54597
4227858432,4244635647,54461
4244635648,4261412863,57456
4261412864,4278190079,53937
4278190080,4294967295,53316
4294967296,4328521727,106831
4328521728,4362076159,105665
4362076160,4395630591,105535
4395630592,4429185023,105949
4429185024,4462739455,103900
4462739456,4496293887,103806
4496293888,4529848319,110406
4529848320,4563402751,98729
4563402752,4596957183,100976
4596957184,4630511615,101609
4630511616,4664066047,98323
4664066048,4697620479,96601
4697620480,4731174911,97449
4731174912,4764729343,98056
4764729344,4798283775,94521
4798283776,4831838207,95804
4831838208,4865392639,93956
4865392640,4898947071,93289
4898947072,4932501503,96047
4932501504,4966055935,98733
4966055936,4999610367,225493
4999610368,5033164799,399153
5033164800,5066719231,107934
5066719232,5100273663,96223
5100273664,5133828095,94547
5133828096,5167382527,91554
5167382528,5200936959,92477
5200936960,5234491391,89793
5234491392,5268045823,90714
5268045824,5301600255,88506
5301600256,5335154687,85694
5335154688,5368709119,84494
5368709120,5402263551,86554
5402263552,5435817983,84367
5435817984,5469372415,83119
5469372416,5502926847,86322
5502926848,5536481279,83057
5536481280,5570035711,80237
5570035712,5603590143,82093
5603590144,5637144575,80195
5637144576,5670699007,79260
5670699008,5704253439,79403
5704253440,5737807871,78081
5737807872,5771362303,79360
5771362304,5804916735,78300
5804916736,5838471167,77223
5838471168,5872025599,75876
5872025600,5905580031,77601
5905580032,5939134463,79221
5939134464,5972688895,76022
5972688896,6006243327,116884
6006243328,6039797759,206224
6039797760,6073352191,80423
6073352192,6106906623,76422
6106906624,6140461055,73351
6140461056,6174015487,74178
6174015488,6207569919,73333
6207569920,6241124351,72224
6241124352,6274678783,73478
6274678784,6308233215,72318
6308233216,6341787647,69596
6341787648,6375342079,69644
6375342080,6408896511,72121
6408896512,6442450943,70234
6442450944,6476005375,68960
6476005376,6509559807,73146
6509559808,6543114239,67966
6543114240,6576668671,66144
6576668672,6610223103,68950
6610223104,6643777535,65699
6643777536,6677331967,65179
6677331968,6710886399,66442
6710886400,6744440831,64860
6744440832,6777995263,66145
6777995264,6811549695,65862
6811549696,6845104127,63920
6845104128,6878658559,62809
6878658560,6912212991,64188
6912212992,6945767423,64630
6945767424,6979321855,63297
6979321856,7012876287,95723
7012876288,7046430719,148855
7046430720,7079985151,66076
7079985152,7113539583,62230
7113539584,7147094015,58191
7147094016,7180648447,58394
7180648448,7214202879,60488
7214202880,7247757311,57492
7247757312,7281311743,59334
7281311744,7314866175,58268
7314866176,7348420607,56370
7348420608,7381975039,56381
7381975040,7415529471,58137
7415529472,7449083903,56299
7449083904,7482638335,55448
7482638336,7516192767,59516
7516192768,7549747199,54766
7549747200,7583301631,54009
7583301632,7616856063,55690
7616856064,7650410495,53177
7650410496,7683964927,53231
7683964928,7717519359,54719
7717519360,7751073791,54661
7751073792,7784628223,53393
7784628224,7818182655,54427
7818182656,7851737087,51822
7851737088,7885291519,51560
7885291520,7918845951,56263
7918845952,7952400383,51821
7952400384,7985954815,53517
7985954816,8019509247,89992
8019509248,8053063679,98018
8053063680,8086618111,55785
8086618112,8120172543,53209
8120172544,8153726975,50583
8153726976,8187281407,51308
8187281408,8220835839,51714
8220835840,8254390271,51264
8254390272,8287944703,50468
8287944704,8321499135,50588
8321499136,8355053567,48425
8355053568,8388607999,48990
8388608000,8422162431,49994
8422162432,8455716863,48303
8455716864,8489271295,47481
8489271296,8522825727,51494
8522825728,8556380159,47409
8556380160,8589934591,47431
8589934592,8657043455,94565
8657043456,8724152319,95662
8724152320,8791261183,94850
8791261184,8858370047,94005
8858370048,8925478911,94935
8925478912,8992587775,94215
8992587776,9059696639,178409
9059696640,9126805503,92967
9126805504,9193914367,88985
9193914368,9261023231,90676
9261023232,9328132095,88460
9328132096,9395240959,85228
9395240960,9462349823,86623
9462349824,9529458687,90411
9529458688,9596567551,84803
9596567552,9663676415,84862
9663676416,9730785279,82636
9730785280,9797894143,83778
9797894144,9865003007,82467
9865003008,9932111871,85076
9932111872,9999220735,107997
9999220736,10066329599,308417
10066329600,10133438463,93565
10133438464,10200547327,87308
10200547328,10267656191,88236
10267656192,10334765055,83116
10334765056,10401873919,82729
10401873920,10468982783,81430
10468982784,10536091647,83300
10536091648,10603200511,81548
10603200512,10670309375,79430
10670309376,10737418239,78918
10737418240,10804527103,79326
10804527104,10871635967,76486
10871635968,10938744831,77583
10938744832,11005853695,98910
11005853696,11072962559,140881
11072962560,11140071423,76727
11140071424,11207180287,73779
11207180288,11274289151,74520
11274289152,11341398015,72132
11341398016,11408506879,72665
11408506880,11475615743,69711
11475615744,11542724607,70908
11542724608,11609833471,70425
11609833472,11676942335,67803
11676942336,11744051199,67772
11744051200,11811160063,69002
11811160064,11878268927,66659
11878268928,11945377791,67231
11945377792,12012486655,92230
12012486656,12079595519,124323
12079595520,12146704383,67039
12146704384,12213813247,65965
12213813248,12280922111,64012
12280922112,12348030975,62045
12348030976,12415139839,64237
12415139840,12482248703,62119
12482248704,12549357567,62413
12549357568,12616466431,62092
12616466432,12683575295,59737
12683575296,12750684159,61518
12750684160,12817793023,60418
12817793024,12884901887,59691
12884901888,12952010751,59309
12952010752,13019119615,80576
13019119616,13086228479,109568
13086228480,13153337343,63367
13153337344,13220446207,60322
13220446208,13287555071,57658
13287555072,13354663935,56610
13354663936,13421772799,57461
13421772800,13488881663,55764
13488881664,13555990527,57591
13555990528,13623099391,56579
13623099392,13690208255,54881
13690208256,13757317119,55158
13757317120,13824425983,55752
13824425984,13891534847,53132
13891534848,13958643711,53368
13958643712,14025752575,77017
14025752576,14092861439,92847
14092861440,14159970303,53692
14159970304,14227079167,53797
14227079168,14294188031,52229
14294188032,14361296895,51786
14361296896,14428405759,51963
14428405760,14495514623,49915
14495514624,14562623487,51377
14562623488,14629732351,50787
14629732352,14696841215,48140
14696841216,14763950079,50702
14763950080,14831058943,49998
14831058944,14898167807,48552
14898167808,14965276671,49316
14965276672,15032385535,109432
15032385536,15099494399,88205
15099494400,15166603263,49815
15166603264,15233712127,49777
15233712128,15300820991,48437
15300820992,15367929855,46907
15367929856,15435038719,47810
15435038720,15502147583,47194
15502147584,15569256447,45694
15569256448,15636365311,46207
15636365312,15703474175,45107
15703474176,15770583039,46147
15770583040,15837691903,46596
15837691904,15904800767,45084
15904800768,15971909631,45285
15971909632,16039018495,64832
16039018496,16106127359,81918
16106127360,16173236223,43726
16173236224,16240345087,43537
16240345088,16307453951,43121
16307453952,16374562815,41886
16374562816,16441671679,42398
16441671680,16508780543,42560
16508780544,16575889407,40726
16575889408,16642998271,42019
16642998272,16710107135,41647
16710107136,16777215999,41391
16777216000,16844324863,42198
16844324864,16911433727,39841
16911433728,16978542591,40798
16978542592,17045651455,62712
17045651456,17112760319,75211
17112760320,17179869183,41287
17179869184,17314086911,82168
17314086912,17448304639,78400
17448304640,17582522367,78816
17582522368,17716740095,76873
17716740096,17850957823,76908
17850957824,17985175551,76683
17985175552,18119393279,125682
18119393280,18253611007,76971
18253611008,18387828735,73065
18387828736,18522046463,74453
18522046464,18656264191,72340
18656264192,18790481919,70777
18790481920,18924699647,69982
18924699648,19058917375,90989
19058917376,19193135103,94537
19193135104,19327352831,70043
19327352832,19461570559,67985
19461570560,19595788287,67727
19595788288,19730006015,67974
19730006016,19864223743,68565
19864223744,19998441471,152185
19998441472,20132659199,2230910
20132659200,20266876927,64739
20266876928,20401094655,62800
20401094656,20535312383,61573
20535312384,20669530111,59211
20669530112,20803747839,61092
20803747840,20937965567,59059
20937965568,21072183295,78939
21072183296,21206401023,80236
21206401024,21340618751,58440
21340618752,21474836479,56307
21474836480,21609054207,57477
21609054208,21743271935,55096
21743271936,21877489663,55715
21877489664,22011707391,66832
22011707392,22145925119,83703
22145925120,22280142847,54139
22280142848,22414360575,53371
22414360576,22548578303,53230
22548578304,22682796031,51609
22682796032,22817013759,52970
22817013760,22951231487,52522
22951231488,23085449215,73051
23085449216,23219666943,67725
23219666944,23353884671,50478
23353884672,23488102399,49386
23488102400,23622320127,50631
23622320128,23756537855,49036
23756537856,23890755583,48463
23890755584,24024973311,61591
24024973312,24159191039,74801
24159191040,24293408767,49082
24293408768,24427626495,48674
24427626496,24561844223,47898
24561844224,24696061951,47652
24696061952,24830279679,48075
24830279680,24964497407,46688
24964497408,25098715135,85361
25098715136,25232932863,59398
25232932864,25367150591,44770
25367150592,25501368319,45282
25501368320,25635586047,44953
25635586048,25769803775,44661
25769803776,25904021503,44260
25904021504,26038239231,56351
26038239232,26172456959,67369
26172456960,26306674687,44764
26306674688,26440892415,43034
26440892416,26575110143,43186
26575110144,26709327871,42369
26709327872,26843545599,42284
26843545600,26977763327,42146
26977763328,27111981055,63724
27111981056,27246198783,51037
27246198784,27380416511,40025
27380416512,27514634239,40942
27514634240,27648851967,40181
27648851968,27783069695,41093
27783069696,27917287423,39959
27917287424,28051505151,58434
28051505152,28185722879,59885
28185722880,28319940607,39385
28319940608,28454158335,38464
28454158336,28588376063,38267
28588376064,28722593791,38581
28722593792,28856811519,37940
28856811520,28991029247,39655
28991029248,29125246975,79008
29125246976,29259464703,46700
29259464704,29393682431,37563
29393682432,29527900159,38549
29527900160,29662117887,37856
29662117888,29796335615,37984
29796335616,29930553343,38506
29930553344,30064771071,84879
30064771072,30198988799,73548
30198988800,30333206527,56326
30333206528,30467424255,48496
30467424256,30601641983,49213
30601641984,30735859711,48700
30735859712,30870077439,44546
30870077440,31004295167,58317
31004295168,31138512895,57279
31138512896,31272730623,49064
31272730624,31406948351,48573
31406948352,31541166079,36454
31541166080,31675383807,34276
31675383808,31809601535,34686
31809601536,31943819263,33790
31943819264,32078036991,46221
32078036992,32212254719,52053
32212254720,32346472447,33806
32346472448,32480690175,33325
32480690176,32614907903,32713
32614907904,32749125631,31953
32749125632,32883343359,32284
32883343360,33017561087,40182
33017561088,33151778815,43441
33151778816,33285996543,35993
33285996544,33420214271,31448
33420214272,33554431999,30427
33554432000,33688649727,30478
33688649728,33822867455,30838
33822867456,33957085183,29923
33957085184,34091302911,43282
34091302912,34225520639,48053
34225520640,34359738367,29523
34359738368,34628173823,58680
34628173824,34896609279,57748
34896609280,35165044735,89355
35165044736,35433480191,60391
35433480192,35701915647,55248
35701915648,35970351103,55782
35970351104,36238786559,79203
36238786560,36507222015,54249
36507222016,36775657471,52157
36775657472,37044092927,59792
37044092928,37312528383,66311
37312528384,37580963839,52521
37580963840,37849399295,51555
37849399296,38117834751,61072
38117834752,38386270207,62102
38386270208,38654705663,50667
38654705664,38923141119,50011
38923141120,39191576575,65876
39191576576,39460012031,49510
39460012032,39728447487,47832
39728447488,39996882943,50779
39996882944,40265318399,79692
40265318400,40533753855,46669
40533753856,40802189311,46163
40802189312,41070624767,51773
41070624768,41339060223,56634
41339060224,41607495679,44526
41607495680,41875931135,44016
41875931136,42144366591,54610
42144366592,42412802047,51487
42412802048,42681237503,42776
42681237504,42949672959,41979
42949672960,43218108415,58155
43218108416,43486543871,42758
43486543872,43754979327,41277
43754979328,44023414783,47608
44023414784,44291850239,51811
44291850240,44560285695,41967
44560285696,44828721151,42460
44828721152,45097156607,64001
45097156608,45365592063,56597
45365592064,45634027519,47815
45634027520,45902462975,44124
45902462976,46170898431,54545
46170898432,46439333887,51321
46439333888,46707769343,38008
46707769344,46976204799,36628
46976204800,47244640255,49967
47244640256,47513075711,37112
47513075712,47781511167,35928
47781511168,48049946623,41859
48049946624,48318382079,44712
48318382080,48586817535,35057
48586817536,48855252991,34645
48855252992,49123688447,40897
49123688448,49392123903,41998
49392123904,49660559359,35057
49660559360,49928994815,36723
49928994816,50197430271,52238
50197430272,50465865727,37972
50465865728,50734301183,33287
50734301184,51002736639,37024
51002736640,51271172095,41659
51271172096,51539607551,33104
51539607552,51808043007,31758
51808043008,52076478463,37491
52076478464,52344913919,39732
52344913920,52613349375,31333
52613349376,52881784831,31802
52881784832,53150220287,37612
53150220288,53418655743,36994
53418655744,53687091199,30599
53687091200,53955526655,30899
53955526656,54223962111,39698
54223962112,54492397567,32963
54492397568,54760833023,30554
54760833024,55029268479,45565
55029268480,55297703935,37043
55297703936,55566139391,29943
55566139392,55834574847,29754
55834574848,56103010303,34787
56103010304,56371445759,36111
56371445760,56639881215,28406
56639881216,56908316671,29519
56908316672,57176752127,37285
57176752128,57445187583,34468
57445187584,57713623039,29240
57713623040,57982058495,31475
57982058496,58250493951,42836
58250493952,58518929407,35794
58518929408,58787364863,67369
58787364864,59055800319,84169
59055800320,59324235775,34734
59324235776,59592671231,30486
59592671232,59861106687,36696
59861106688,60129542143,87220
60129542144,60397977599,45719
60397977600,60666413055,32760
60666413056,60934848511,30668
60934848512,61203283967,36184
61203283968,61471719423,32475
61471719424,61740154879,25405
61740154880,62008590335,32749
62008590336,62277025791,30518
62277025792,62545461247,25775
62545461248,62813896703,23939
62813896704,63082332159,30118
63082332160,63350767615,29018
63350767616,63619203071,23425
63619203072,63887638527,23278
63887638528,64156073983,28027
64156073984,64424509439,28286
64424509440,64692944895,23089
64692944896,64961380351,23301
64961380352,65229815807,32522
65229815808,65498251263,25713
65498251264,65766686719,23266
65766686720,66035122175,27163
66035122176,66303557631,26262
66303557632,66571993087,22996
66571993088,66840428543,21298
66840428544,67108863999,26044
67108864000,67377299455,25820
67377299456,67645734911,21140
67645734912,67914170367,21434
67914170368,68182605823,26650
68182605824,68451041279,24587
68451041280,68719476735,20428
68719476736,69256347647,46797
69256347648,69793218559,43676
69793218560,70330089471,54057
70330089472,70866960383,39792
70866960384,71403831295,46172
71403831296,71940702207,38217
71940702208,72477573119,45844
72477573120,73014444031,40895
73014444032,73551314943,40724
73551314944,74088185855,40534
74088185856,74625056767,40304
74625056768,75161927679,43467
75161927680,75698798591,43300
75698798592,76235669503,44193
76235669504,76772540415,40163
76772540416,77309411327,39087
77309411328,77846282239,34970
77846282240,78383153151,39375
78383153152,78920024063,33494
78920024064,79456894975,38426
79456894976,79993765887,32643
79993765888,80530636799,41948
80530636800,81067507711,34373
81067507712,81604378623,34921
81604378624,82141249535,34234
82141249536,82678120447,34192
82678120448,83214991359,33903
83214991360,83751862271,33044
83751862272,84288733183,34616
84288733184,84825604095,31851
84825604096,85362475007,37215
85362475008,85899345919,30146
85899345920,86436216831,34522
86436216832,86973087743,28533
86973087744,87509958655,34098
87509958656,88046829567,31471
88046829568,88583700479,31104
88583700480,89120571391,30605
89120571392,89657442303,30152
89657442304,90194313215,35422
90194313216,90731184127,31730
90731184128,91268055039,31725
91268055040,91804925951,29497
91804925952,92341796863,29686
92341796864,92878667775,27116
92878667776,93415538687,29608
93415538688,93952409599,26010
93952409600,94489280511,29687
94489280512,95026151423,29519
95026151424,95563022335,26235
95563022336,96099893247,27508
96099893248,96636764159,26543
96636764160,97173635071,26983
97173635072,97710505983,25875
97710505984,98247376895,26535
98247376896,98784247807,25182
98784247808,99321118719,26215
99321118720,99857989631,24624
99857989632,100394860543,36735
100394860544,100931731455,23637
100931731456,101468602367,28099
101468602368,102005473279,25331
102005473280,102542344191,25464
102542344192,103079215103,24562
103079215104,103616086015,23553
103616086016,104152956927,24561
104152956928,104689827839,23168
104689827840,105226698751,27248
105226698752,105763569663,24303
105763569664,106300440575,25146
106300440576,106837311487,23054
106837311488,107374182399,23385
107374182400,107911053311,21046
107911053312,108447924223,23518
108447924224,108984795135,21176
108984795136,109521666047,23089
109521666048,110058536959,25758
110058536960,110595407871,21918
110595407872,111132278783,22366
111132278784,111669149695,21084
111669149696,112206020607,21908
112206020608,112742891519,20332
112742891520,113279762431,21286
113279762432,113816633343,20318
113816633344,114353504255,21764
114353504256,114890375167,19985
114890375168,115427246079,23256
115427246080,115964116991,19675
115964116992,116500987903,21228
116500987904,117037858815,20494
117037858816,117574729727,19456
117574729728,118111600639,21235
118111600640,118648471551,20092
118648471552,119185342463,21459
119185342464,119722213375,21929
119722213376,120259084287,38391
120259084288,120795955199,22281
120795955200,121332826111,21563
121332826112,121869697023,19293
121869697024,122406567935,19558
122406567936,122943438847,18164
122943438848,123480309759,19325
123480309760,124017180671,18991
124017180672,124554051583,17274
124554051584,125090922495,19297
125090922496,125627793407,16952
125627793408,126164664319,17872
126164664320,126701535231,16635
126701535232,127238406143,17474
127238406144,127775277055,16186
127775277056,128312147967,17542
128312147968,128849018879,16446
128849018880,129385889791,17154
129385889792,129922760703,16229
129922760704,130459631615,18999
130459631616,130996502527,15808
130996502528,131533373439,16630
131533373440,132070244351,17089
132070244352,132607115263,15268
132607115264,133143986175,16533
133143986176,133680857087,15248
133680857088,134217727999,16563
134217728000,134754598911,15757
134754598912,135291469823,18230
135291469824,135828340735,15622
135828340736,136365211647,17003
136365211648,136902082559,15630
136902082560,137438953471,15542
137438953472,138512695295,31550
138512695296,139586437119,29867
139586437120,140660178943,32147
140660178944,141733920767,29845
141733920768,142807662591,29966
142807662592,143881404415,28165
143881404416,144955146239,28880
144955146240,146028888063,30861
146028888064,147102629887,26926
147102629888,148176371711,26612
148176371712,149250113535,26991
149250113536,150323855359,30169
150323855360,151397597183,28789
151397597184,152471339007,26036
152471339008,153545080831,25548
153545080832,154618822655,25500
154618822656,155692564479,26016
155692564480,156766306303,24939
156766306304,157840048127,24282
157840048128,158913789951,24067
158913789952,159987531775,24152
159987531776,161061273599,26417
161061273600,162135015423,23899
162135015424,163208757247,23647
163208757248,164282499071,23339
164282499072,165356240895,23778
165356240896,166429982719,23590
166429982720,167503724543,22500
167503724544,168577466367,22290
168577466368,169651208191,21651
169651208192,170724950015,23529
170724950016,171798691839,21463
171798691840,172872433663,20745
172872433664,173946175487,20645
173946175488,175019917311,22422
175019917312,176093659135,22571
176093659136,177167400959,21249
177167400960,178241142783,20130
178241142784,179314884607,21002
179314884608,180388626431,28901
180388626432,181462368255,21922
181462368256,182536110079,20956
182536110080,183609851903,19740
183609851904,184683593727,20604
184683593728,185757335551,20159
185757335552,186831077375,20472
186831077376,187904819199,19584
187904819200,188978561023,19493
188978561024,190052302847,21035
190052302848,191126044671,19302
191126044672,192199786495,18883
192199786496,193273528319,17911
193273528320,194347270143,17813
194347270144,195421011967,18329
195421011968,196494753791,17400
196494753792,197568495615,17291
197568495616,198642237439,17409
198642237440,199715979263,17062
199715979264,200789721087,18347
200789721088,201863462911,16873
201863462912,202937204735,16339
202937204736,204010946559,17140
204010946560,205084688383,16841
205084688384,206158430207,16451
206158430208,207232172031,15699
207232172032,208305913855,16021
208305913856,209379655679,15905
209379655680,210453397503,16596
210453397504,211527139327,15476
211527139328,212600881151,15544
212600881152,213674622975,15162
213674622976,214748364799,14895
214748364800,215822106623,15035
215822106624,216895848447,14499
216895848448,217969590271,14714
217969590272,219043332095,14882
219043332096,220117073919,15412
220117073920,221190815743,14921
221190815744,222264557567,15238
222264557568,223338299391,14586
223338299392,224412041215,14393
224412041216,225485783039,14656
225485783040,226559524863,14484
226559524864,227633266687,14128
227633266688,228707008511,13729
228707008512,229780750335,14144
229780750336,230854492159,15086
230854492160,231928233983,13780
231928233984,233001975807,14577
233001975808,234075717631,14287
234075717632,235149459455,13736
235149459456,236223201279,13749
236223201280,237296943103,13388
237296943104,238370684927,13928
238370684928,239444426751,14708
239444426752,240518168575,25933
240518168576,241591910399,16732
241591910400,242665652223,13086
242665652224,243739394047,12897
243739394048,244813135871,13116
244813135872,245886877695,12880
245886877696,246960619519,12316
246960619520,248034361343,13224
248034361344,249108103167,12261
249108103168,250181844991,12440
250181844992,251255586815,12007
251255586816,252329328639,11918
252329328640,253403070463,11372
253403070464,254476812287,11388
254476812288,255550554111,11907
255550554112,256624295935,11355
256624295936,257698037759,11334
257698037760,258771779583,11028
258771779584,259845521407,11438
259845521408,260919263231,11689
260919263232,261993005055,10970
261993005056,263066746879,11562
263066746880,264140488703,12036
264140488704,265214230527,11226
265214230528,266287972351,10878
266287972352,267361714175,10470
267361714176,268435455999,10545
268435456000,269509197823,10803
269509197824,270582939647,11189
270582939648,271656681471,10666
271656681472,272730423295,10220
272730423296,273804165119,10131
273804165120,274877906943,10461
274877906944,277025390591,21425
277025390592,279172874239,20015
279172874240,281320357887,19738
281320357888,283467841535,19390
283467841536,285615325183,21179
285615325184,287762808831,20094
287762808832,289910292479,20949
289910292480,292057776127,22618
292057776128,294205259775,20779
294205259776,296352743423,23305
296352743424,298500227071,20555
298500227072,300647710719,33920
300647710720,302795194367,22061
302795194368,304942678015,19695
304942678016,307090161663,19523
307090161664,309237645311,19233
309237645312,311385128959,18532
311385128960,313532612607,16689
313532612608,315680096255,16257
315680096256,317827579903,16244
317827579904,319975063551,15758
319975063552,322122547199,17710
322122547200,324270030847,15251
324270030848,326417514495,15184
326417514496,328564998143,14563
328564998144,330712481791,15411
330712481792,332859965439,15107
332859965440,335007449087,15618
335007449088,337154932735,14731
337154932736,339302416383,15083
339302416384,341449900031,14704
341449900032,343597383679,14120
343597383680,345744867327,14478
345744867328,347892350975,13966
347892350976,350039834623,15088
350039834624,352187318271,14210
352187318272,354334801919,14121
354334801920,356482285567,13818
356482285568,358629769215,13734
358629769216,360777252863,18229
360777252864,362924736511,14197
362924736512,365072220159,13487
365072220160,367219703807,13107
367219703808,369367187455,12778
369367187456,371514671103,12815
371514671104,373662154751,12562
373662154752,375809638399,12267
375809638400,377957122047,12225
377957122048,380104605695,12723
380104605696,382252089343,12361
382252089344,384399572991,11564
384399572992,386547056639,11805
386547056640,388694540287,11655
388694540288,390842023935,11603
390842023936,392989507583,11163
392989507584,395136991231,11561
395136991232,397284474879,10974
397284474880,399431958527,11450
399431958528,401579442175,12128
401579442176,403726925823,11029
403726925824,405874409471,10568
405874409472,408021893119,10762
408021893120,410169376767,11657
410169376768,412316860415,10572
412316860416,414464344063,12548
414464344064,416611827711,10540
416611827712,418759311359,10448
418759311360,420906795007,12818
420906795008,423054278655,10784
423054278656,425201762303,9674
425201762304,427349245951,9978
427349245952,429496729599,9640
429496729600,431644213247,9828
431644213248,433791696895,9349
433791696896,435939180543,10583
435939180544,438086664191,10622
438086664192,440234147839,10716
440234147840,442381631487,9349
442381631488,444529115135,9287
444529115136,446676598783,9307
446676598784,448824082431,9288
448824082432,450971566079,9439
450971566080,453119049727,9406
453119049728,455266533375,8985
455266533376,457414017023,8741
457414017024,459561500671,8732
459561500672,461708984319,9024
461708984320,463856467967,8627
463856467968,466003951615,8872
466003951616,468151435263,8515
468151435264,470298918911,8766
470298918912,472446402559,8713
472446402560,474593886207,8336
474593886208,476741369855,8421
476741369856,478888853503,7921
478888853504,481036337151,10345
481036337152,483183820799,7976
483183820800,485331304447,7798
485331304448,487478788095,7473
487478788096,489626271743,7904
489626271744,491773755391,7966
491773755392,493921239039,7899
493921239040,496068722687,8162
496068722688,498216206335,7378
498216206336,500363689983,7573
500363689984,502511173631,7243
502511173632,504658657279,7153
504658657280,506806140927,7314
506806140928,508953624575,7342
508953624576,511101108223,7579
511101108224,513248591871,7055
513248591872,515396075519,7791
515396075520,517543559167,7089
517543559168,519691042815,6957
519691042816,521838526463,7084
521838526464,523986010111,6978
523986010112,526133493759,7259
526133493760,528280977407,7116
528280977408,530428461055,7569
530428461056,532575944703,7083
532575944704,534723428351,7246
534723428352,536870911999,7590
536870912000,539018395647,7323
539018395648,541165879295,9422
541165879296,543313362943,6933
543313362944,545460846591,6873
545460846592,547608330239,6552
547608330240,549755813887,6917
549755813888,554050781183,13629
554050781184,558345748479,13378
558345748480,562640715775,13224
562640715776,566935683071,12268
566935683072,571230650367,12808
571230650368,575525617663,13478
575525617664,579820584959,12455
579820584960,584115552255,13452
584115552256,588410519551,14098
588410519552,592705486847,14705
592705486848,597000454143,14418
597000454144,601295421439,17752
601295421440,605590388735,12643
605590388736,609885356031,13324
609885356032,614180323327,12036
614180323328,618475290623,13046
618475290624,622770257919,12242
622770257920,627065225215,11695
627065225216,631360192511,13527
631360192512,635655159807,11517
635655159808,639950127103,11954
639950127104,644245094399,12238
644245094400,648540061695,11717
648540061696,652835028991,11901
652835028992,657129996287,11949
657129996288,661424963583,14407
661424963584,665719930879,11412
665719930880,670014898175,10859
670014898176,674309865471,10517
674309865472,678604832767,10333
678604832768,682899800063,10160
682899800064,687194767359,10240
687194767360,691489734655,10309
691489734656,695784701951,10309
695784701952,700079669247,10046
700079669248,704374636543,9085
704374636544,708669603839,9163
708669603840,712964571135,8828
712964571136,717259538431,8987
717259538432,721554505727,11091
721554505728,725849473023,8118
725849473024,730144440319,7983
730144440320,734439407615,8406
734439407616,738734374911,8046
738734374912,743029342207,7948
743029342208,747324309503,7631
747324309504,751619276799,7992
751619276800,755914244095,7396
755914244096,760209211391,8896
760209211392,764504178687,7362
764504178688,768799145983,7144
768799145984,773094113279,7877
773094113280,777389080575,7409
777389080576,781684047871,7862
781684047872,785979015167,6553
785979015168,790273982463,7007
790273982464,794568949759,7251
794568949760,798863917055,6972
798863917056,803158884351,6993
803158884352,807453851647,6811
807453851648,811748818943,7793
811748818944,816043786239,6761
816043786240,820338753535,6975
820338753536,824633720831,6546
824633720832,828928688127,6985
828928688128,833223655423,7167
833223655424,837518622719,6834
837518622720,841813590015,7855
841813590016,846108557311,6260
846108557312,850403524607,6614
850403524608,854698491903,6327
854698491904,858993459199,7101
858993459200,863288426495,6513
863288426496,867583393791,6404
867583393792,871878361087,6456
871878361088,876173328383,6420
876173328384,880468295679,9210
880468295680,884763262975,7310
884763262976,889058230271,6571
889058230272,893353197567,7529
893353197568,897648164863,6555
897648164864,901943132159,20232
901943132160,906238099455,12579
906238099456,910533066751,8562
910533066752,914828034047,6051
914828034048,919123001343,5702
919123001344,923417968639,5471
923417968640,927712935935,5066
927712935936,932007903231,5136
932007903232,936302870527,5191
936302870528,940597837823,5333
940597837824,944892805119,4866
944892805120,949187772415,5222
949187772416,953482739711,5103
953482739712,957777707007,4915
957777707008,962072674303,5119
962072674304,966367641599,4636
966367641600,970662608895,4578
970662608896,974957576191,4626
974957576192,979252543487,4562
979252543488,983547510783,4626
983547510784,987842478079,4747
987842478080,992137445375,4545
992137445376,996432412671,4289
996432412672,1000727379967,4343
1000727379968,1005022347263,4412
1005022347264,1009317314559,4333
1009317314560,1013612281855,4786
1013612281856,1017907249151,4536
1017907249152,1022202216447,4797
1022202216448,1026497183743,4283
1026497183744,1030792151039,4243
1030792151040,1035087118335,4085
1035087118336,1039382085631,4094
1039382085632,1043677052927,4257
1043677052928,1047972020223,4145
1047972020224,1052266987519,3983
1052266987520,1056561954815,3944
1056561954816,1060856922111,3957
1060856922112,1065151889407,4095
1065151889408,1069446856703,3855
1069446856704,1073741823999,3944
1073741824000,1078036791295,4045
1078036791296,1082331758591,4200
1082331758592,1086626725887,3965
1086626725888,1090921693183,3986
1090921693184,1095216660479,3790
1095216660480,1099511627775,3640
1099511627776,1108101562367,7454
1108101562368,1116691496959,7341
1116691496960,1125281431551,7481
1125281431552,1133871366143,7547
1133871366144,1142461300735,7489
1142461300736,1151051235327,7878
1151051235328,1159641169919,6970
1159641169920,1168231104511,7154
1168231104512,1176821039103,6776
1176821039104,1185410973695,6814
1185410973696,1194000908287,7122
1194000908288,1202590842879,10822
1202590842880,1211180777471,6634
1211180777472,1219770712063,6205
1219770712064,1228360646655,6153
1228360646656,1236950581247,6041
1236950581248,1245540515839,6961
1245540515840,1254130450431,6886
1254130450432,1262720385023,6398
1262720385024,1271310319615,6042
1271310319616,1279900254207,5947
1279900254208,1288490188799,5977
1288490188800,1297080123391,5573
1297080123392,1305670057983,5867
1305670057984,1314259992575,5922
1314259992576,1322849927167,5751
1322849927168,1331439861759,5716
1331439861760,1340029796351,5710
1340029796352,1348619730943,5582
1348619730944,1357209665535,5003
1357209665536,1365799600127,5385
1365799600128,1374389534719,5335
1374389534720,1382979469311,5265
1382979469312,1391569403903,5137
1391569403904,1400159338495,4979
1400159338496,1408749273087,5183
1408749273088,1417339207679,4954
1417339207680,1425929142271,5059
1425929142272,1434519076863,4725
1434519076864,1443109011455,4937
1443109011456,1451698946047,4816
1451698946048,1460288880639,4924
1460288880640,1468878815231,4738
1468878815232,1477468749823,4708
1477468749824,1486058684415,4507
1486058684416,1494648619007,4848
1494648619008,1503238553599,5038
1503238553600,1511828488191,4428
1511828488192,1520418422783,4455
1520418422784,1529008357375,4299
1529008357376,1537598291967,4111
1537598291968,1546188226559,4393
1546188226560,1554778161151,4106
1554778161152,1563368095743,4259
1563368095744,1571958030335,3901
1571958030336,1580547964927,4125
1580547964928,1589137899519,4223
1589137899520,1597727834111,3940
1597727834112,1606317768703,4211
1606317768704,1614907703295,4084
1614907703296,1623497637887,4038
1623497637888,1632087572479,4126
1632087572480,1640677507071,3894
1640677507072,1649267441663,3978
1649267441664,1657857376255,3776
1657857376256,1666447310847,3905
1666447310848,1675037245439,3818
1675037245440,1683627180031,3885
1683627180032,1692217114623,3823
1692217114624,1700807049215,3686
1700807049216,1709396983807,3818
1709396983808,1717986918399,3524
1717986918400,1726576852991,3761
1726576852992,1735166787583,3617
1735166787584,1743756722175,3947
1743756722176,1752346656767,3367
1752346656768,1760936591359,4383
1760936591360,1769526525951,3924
1769526525952,1778116460543,3527
1778116460544,1786706395135,4267
1786706395136,1795296329727,6557
1795296329728,1803886264319,6752
1803886264320,1812476198911,3817
1812476198912,1821066133503,3184
1821066133504,1829656068095,3146
1829656068096,1838246002687,3237
1838246002688,1846835937279,3074
1846835937280,1855425871871,2849
1855425871872,1864015806463,2960
1864015806464,1872605741055,2809
1872605741056,1881195675647,2976
1881195675648,1889785610239,2853
1889785610240,1898375544831,2895
1898375544832,1906965479423,3027
1906965479424,1915555414015,2874
1915555414016,1924145348607,2858
1924145348608,1932735283199,2879
1932735283200,1941325217791,2779
1941325217792,1949915152383,2774
1949915152384,1958505086975,2778
1958505086976,1967095021567,2605
1967095021568,1975684956159,2733
1975684956160,1984274890751,2826
1984274890752,1992864825343,3008
1992864825344,2001454759935,2448
2001454759936,2010044694527,2343
2010044694528,2018634629119,2402
2018634629120,2027224563711,2609
2027224563712,2035814498303,2438
2035814498304,2044404432895,2353
2044404432896,2052994367487,2229
2052994367488,2061584302079,2247
2061584302080,2070174236671,2284
2070174236672,2078764171263,2591
2078764171264,2087354105855,2388
2087354105856,2095944040447,2437
2095944040448,2104533975039,2471
2104533975040,2113123909631,2284
2113123909632,2121713844223,2277
2121713844224,2130303778815,2307
2130303778816,2138893713407,2240
2138893713408,2147483647999,2290
2147483648000,2156073582591,2369
2156073582592,2164663517183,2428
2164663517184,2173253451775,2194
2173253451776,2181843386367,2236
2181843386368,2190433320959,2201
2190433320960,2199023255551,2217
2199023255552,2216203124735,4424
2216203124736,2233382993919,4386
2233382993920,2250562863103,4893
2250562863104,2267742732287,4399
2267742732288,2284922601471,5176
2284922601472,2302102470655,4606
2302102470656,2319282339839,5610
2319282339840,2336462209023,5857
2336462209024,2353642078207,5078
2353642078208,2370821947391,5943
2370821947392,2388001816575,5908
2388001816576,2405181685759,8315
2405181685760,2422361554943,3544
2422361554944,2439541424127,3307
2439541424128,2456721293311,3549
2456721293312,2473901162495,3434
2473901162496,2491081031679,3366
2491081031680,2508260900863,3417
2508260900864,2525440770047,3372
2525440770048,2542620639231,3677
2542620639232,2559800508415,3440
2559800508416,2576980377599,3354
2576980377600,2594160246783,3219
2594160246784,2611340115967,3222
2611340115968,2628519985151,3049
2628519985152,2645699854335,3185
2645699854336,2662879723519,3118
2662879723520,2680059592703,3129
2680059592704,2697239461887,3138
2697239461888,2714419331071,3013
2714419331072,2731599200255,2882
2731599200256,2748779069439,2620
2748779069440,2765958938623,2839
2765958938624,2783138807807,2689
2783138807808,2800318676991,2693
2800318676992,2817498546175,2747
2817498546176,2834678415359,2920
2834678415360,2851858284543,2772
2851858284544,2869038153727,2611
2869038153728,2886218022911,2703
2886218022912,2903397892095,2471
2903397892096,2920577761279,2525
2920577761280,2937757630463,2899
2937757630464,2954937499647,2829
2954937499648,2972117368831,2509
2972117368832,2989297238015,2496
2989297238016,3006477107199,2761
3006477107200,3023656976383,2470
3023656976384,3040836845567,2551
3040836845568,3058016714751,2686
3058016714752,3075196583935,2440
3075196583936,3092376453119,2534
3092376453120,3109556322303,2775
3109556322304,3126736191487,4654
3126736191488,3143916060671,2592
3143916060672,3161095929855,2312
3161095929856,3178275799039,2245
3178275799040,3195455668223,2505
3195455668224,3212635537407,2281
3212635537408,3229815406591,2276
3229815406592,3246995275775,2273
3246995275776,3264175144959,2056
3264175144960,3281355014143,2209
3281355014144,3298534883327,2241
3298534883328,3315714752511,2202
3315714752512,3332894621695,2168
3332894621696,3350074490879,2103
3350074490880,3367254360063,2131
3367254360064,3384434229247,1919
3384434229248,3401614098431,1954
3401614098432,3418793967615,4646
3418793967616,3435973836799,1974
3435973836800,3453153705983,1907
3453153705984,3470333575167,1790
3470333575168,3487513444351,1952
3487513444352,3504693313535,1767
3504693313536,3521873182719,1718
3521873182720,3539053051903,1901
3539053051904,3556232921087,1975
3556232921088,3573412790271,1909
3573412790272,3590592659455,1877
3590592659456,3607772528639,2152
3607772528640,3624952397823,2019
3624952397824,3642132267007,1803
3642132267008,3659312136191,1823
3659312136192,3676492005375,1911
3676492005376,3693671874559,1785
3693671874560,3710851743743,1725
3710851743744,3728031612927,1810
3728031612928,3745211482111,1658
3745211482112,3762391351295,1710
3762391351296,3779571220479,1649
3779571220480,3796751089663,1806
3796751089664,3813930958847,1662
3813930958848,3831110828031,1591
3831110828032,3848290697215,1721
3848290697216,3865470566399,1593
3865470566400,3882650435583,1573
3882650435584,3899830304767,1682
3899830304768,3917010173951,1635
3917010173952,3934190043135,1656
3934190043136,3951369912319,1465
3951369912320,3968549781503,1910
3968549781504,3985729650687,1508
3985729650688,4002909519871,1565
4002909519872,4020089389055,1384
4020089389056,4037269258239,1548
4037269258240,4054449127423,1520
4054449127424,4071628996607,1413
4071628996608,4088808865791,1519
4088808865792,4105988734975,1430
4105988734976,4123168604159,1497
4123168604160,4140348473343,1420
4140348473344,4157528342527,1509
4157528342528,4174708211711,1439
4174708211712,4191888080895,1308
4191888080896,4209067950079,1532
4209067950080,4226247819263,1395
4226247819264,4243427688447,1366
4243427688448,4260607557631,1424
4260607557632,4277787426815,1428
4277787426816,4294967295999,1537
4294967296000,4312147165183,1363
4312147165184,4329327034367,1387
4329327034368,4346506903551,1386
4346506903552,4363686772735,1349
4363686772736,4380866641919,1359
4380866641920,4398046511103,1268
4398046511104,4432406249471,2621
4432406249472,4466765987839,2550
4466765987840,4501125726207,2662
4501125726208,4535485464575,2513
4535485464576,4569845202943,2747
4569845202944,4604204941311,2554
4604204941312,4638564679679,2615
4638564679680,4672924418047,2582
4672924418048,4707284156415,2371
4707284156416,4741643894783,2388
4741643894784,4776003633151,2375
4776003633152,4810363371519,2393
4810363371520,4844723109887,2237
4844723109888,4879082848255,2396
4879082848256,4913442586623,2280
4913442586624,4947802324991,2504
4947802324992,4982162063359,2188
4982162063360,5016521801727,1962
5016521801728,5050881540095,2187
5050881540096,5085241278463,2098
5085241278464,5119601016831,2122
5119601016832,5153960755199,2193
5153960755200,5188320493567,2144
5188320493568,5222680231935,2096
5222680231936,5257039970303,2107
5257039970304,5291399708671,1852
5291399708672,5325759447039,2012
5325759447040,5360119185407,1970
5360119185408,5394478923775,2545
5394478923776,5428838662143,2114
5428838662144,5463198400511,2015
5463198400512,5497558138879,2054
5497558138880,5531917877247,2024
5531917877248,5566277615615,2037
5566277615616,5600637353983,1951
5600637353984,5634997092351,1994
5634997092352,5669356830719,1832
5669356830720,5703716569087,2120
5703716569088,5738076307455,1944
5738076307456,5772436045823,2204
5772436045824,5806795784191,2154
5806795784192,5841155522559,1963
5841155522560,5875515260927,1811
5875515260928,5909874999295,1836
5909874999296,5944234737663,1905
5944234737664,5978594476031,1890
5978594476032,6012954214399,2253
6012954214400,6047313952767,2035
6047313952768,6081673691135,2549
6081673691136,6116033429503,2466
6116033429504,6150393167871,2813
6150393167872,6184752906239,2038
6184752906240,6219112644607,1621
6219112644608,6253472382975,1849
6253472382976,6287832121343,1734
6287832121344,6322191859711,2167
6322191859712,6356551598079,1971
6356551598080,6390911336447,1857
6390911336448,6425271074815,1722
6425271074816,6459630813183,1510
6459630813184,6493990551551,1535
6493990551552,6528350289919,3750
6528350289920,6562710028287,1589
6562710028288,6597069766655,1508
6597069766656,6631429505023,1424
6631429505024,6665789243391,1570
6665789243392,6700148981759,1534
6700148981760,6734508720127,1440
6734508720128,6768868458495,1683
6768868458496,6803228196863,1578
6803228196864,6837587935231,1674
6837587935232,6871947673599,1714
6871947673600,6906307411967,2267
6906307411968,6940667150335,1908
6940667150336,6975026888703,2677
6975026888704,7009386627071,2517
7009386627072,7043746365439,2019
7043746365440,7078106103807,1745
7078106103808,7112465842175,1747
7112465842176,7146825580543,1936
7146825580544,7181185318911,1926
7181185318912,7215545057279,1762
7215545057280,7249904795647,1322
7249904795648,7284264534015,1467
7284264534016,7318624272383,1553
7318624272384,7352984010751,1307
7352984010752,7387343749119,1318
7387343749120,7421703487487,1222
7421703487488,7456063225855,1466
7456063225856,7490422964223,1289
7490422964224,7524782702591,3783
7524782702592,7559142440959,2491
7559142440960,7593502179327,1698
7593502179328,7627861917695,1324
7627861917696,7662221656063,1314
7662221656064,7696581394431,1158
7696581394432,7730941132799,1258
7730941132800,7765300871167,1182
7765300871168,7799660609535,1237
7799660609536,7834020347903,1214
7834020347904,7868380086271,1238
7868380086272,7902739824639,1320
7902739824640,7937099563007,1107
7937099563008,7971459301375,1107
7971459301376,8005819039743,1016
8005819039744,8040178778111,1127
8040178778112,8074538516479,1001
8074538516480,8108898254847,1309
8108898254848,8143257993215,1181
8143257993216,8177617731583,1300
8177617731584,8211977469951,1309
8211977469952,8246337208319,1137
8246337208320,8280696946687,1047
8280696946688,8315056685055,1262
8315056685056,8349416423423,1320
8349416423424,8383776161791,1116
8383776161792,8418135900159,1049
8418135900160,8452495638527,1080
8452495638528,8486855376895,1173
8486855376896,8521215115263,1188
8521215115264,8555574853631,1525
8555574853632,8589934591999,1278
8589934592000,8624294330367,1308
8624294330368,8658654068735,1141
8658654068736,8693013807103,1230
8693013807104,8727373545471,1298
8727373545472,8761733283839,1130
8761733283840,8796093022207,1284
8796093022208,8864812498943,2378
8864812498944,8933531975679,2160
8933531975680,9002251452415,2363
9002251452416,9070970929151,2237
9070970929152,9139690405887,1996
9139690405888,9208409882623,2021
9208409882624,9277129359359,1865
9277129359360,9345848836095,2082
9345848836096,9414568312831,1614
9414568312832,9483287789567,1784
9483287789568,9552007266303,1825
9552007266304,9620726743039,1697
9620726743040,9689446219775,1728
9689446219776,9758165696511,1872
9758165696512,9826885173247,1759
9826885173248,9895604649983,1764
9895604649984,9964324126719,1640
9964324126720,10033043603455,1826
10033043603456,10101763080191,1908
10101763080192,10170482556927,1856
10170482556928,10239202033663,1729
10239202033664,10307921510399,1730
10307921510400,10376640987135,1676
10376640987136,10445360463871,1601
10445360463872,10514079940607,1723
10514079940608,10582799417343,1625
10582799417344,10651518894079,1523
10651518894080,10720238370815,1565
10720238370816,10788957847551,1669
10788957847552,10857677324287,1848
10857677324288,10926396801023,1674
10926396801024,10995116277759,1545
10995116277760,11063835754495,1979
11063835754496,11132555231231,1446
11132555231232,11201274707967,1553
11201274707968,11269994184703,1420
11269994184704,11338713661439,1412
11338713661440,11407433138175,1707
11407433138176,11476152614911,1357
11476152614912,11544872091647,1469
11544872091648,11613591568383,1687
11613591568384,11682311045119,1305
11682311045120,11751030521855,1557
11751030521856,11819749998591,1680
11819749998592,11888469475327,2053
11888469475328,11957188952063,1395
11957188952064,12025908428799,1443
12025908428800,12094627905535,1556
12094627905536,12163347382271,1313
12163347382272,12232066859007,1386
12232066859008,12300786335743,1262
12300786335744,12369505812479,1658
12369505812480,12438225289215,1792
12438225289216,12506944765951,1425
12506944765952,12575664242687,1559
12575664242688,12644383719423,1495
12644383719424,12713103196159,1602
12713103196160,12781822672895,1638
12781822672896,12850542149631,1378
12850542149632,12919261626367,1251
12919261626368,12987981103103,1597
12987981103104,13056700579839,1609
13056700579840,13125420056575,1921
13125420056576,13194139533311,1438
13194139533312,13262859010047,1384
13262859010048,13331578486783,1480
13331578486784,13400297963519,1467
13400297963520,13469017440255,1467
13469017440256,13537736916991,1580
13537736916992,13606456393727,1237
13606456393728,13675175870463,1426
13675175870464,13743895347199,1361
13743895347200,13812614823935,1324
13812614823936,13881334300671,1565
13881334300672,13950053777407,1382
13950053777408,14018773254143,1323
14018773254144,14087492730879,1314
14087492730880,14156212207615,1429
14156212207616,14224931684351,1780
14224931684352,14293651161087,3807
14293651161088,14362370637823,1709
14362370637824,14431090114559,7100
14431090114560,14499809591295,1393
14499809591296,14568529068031,1956
14568529068032,14637248544767,1636
14637248544768,14705968021503,3397
14705968021504,14774687498239,2497
14774687498240,14843406974975,1327
14843406974976,14912126451711,1432
14912126451712,14980845928447,1366
14980845928448,15049565405183,1177
15049565405184,15118284881919,1292
15118284881920,15187004358655,1347
15187004358656,15255723835391,1611
15255723835392,15324443312127,1713
15324443312128,15393162788863,1199
15393162788864,15461882265599,1204
15461882265600,15530601742335,1737
15530601742336,15599321219071,1792
15599321219072,15668040695807,1371
15668040695808,15736760172543,1614
15736760172544,15805479649279,1412
15805479649280,15874199126015,1640
15874199126016,15942918602751,1410
15942918602752,16011638079487,2088
16011638079488,16080357556223,2279
16080357556224,16149077032959,1823
16149077032960,16217796509695,1200
16217796509696,16286515986431,1205
16286515986432,16355235463167,1364
16355235463168,16423954939903,1714
16423954939904,16492674416639,1570
16492674416640,16561393893375,1739
16561393893376,16630113370111,1866
16630113370112,16698832846847,3385
16698832846848,16767552323583,6212
16767552323584,16836271800319,5768
16836271800320,16904991277055,1250
16904991277056,16973710753791,1415
16973710753792,17042430230527,1442
17042430230528,17111149707263,1639
17111149707264,17179869183999,1452
17179869184000,17248588660735,1312
17248588660736,17317308137471,1453
17317308137472,17386027614207,1581
17386027614208,17454747090943,1308
17454747090944,17523466567679,1299
17523466567680,17592186044415,1111
17592186044416,17729624997887,2776
17729624997888,17867063951359,2622
17867063951360,18004502904831,3233
18004502904832,18141941858303,2710
18141941858304,18279380811775,2122
18279380811776,18416819765247,2706
18416819765248,18554258718719,2915
18554258718720,18691697672191,2799
18691697672192,18829136625663,2659
18829136625664,18966575579135,2865
18966575579136,19104014532607,3057
19104014532608,19241453486079,2874
19241453486080,19378892439551,2765
19378892439552,19516331393023,2971
19516331393024,19653770346495,3172
19653770346496,19791209299967,4222
19791209299968,19928648253439,8005
19928648253440,20066087206911,3115
20066087206912,20203526160383,2973
20203526160384,20340965113855,2756
20340965113856,20478404067327,3095
20478404067328,20615843020799,3119
20615843020800,20753281974271,3382
20753281974272,20890720927743,3637
20890720927744,21028159881215,3818
21028159881216,21165598834687,3740
21165598834688,21303037788159,4819
21303037788160,21440476741631,3271
21440476741632,21577915695103,6170
21577915695104,21715354648575,7256
21715354648576,21852793602047,4446
21852793602048,21990232555519,3865
21990232555520,22127671508991,4703
22127671508992,22265110462463,6296
22265110462464,22402549415935,6026
22402549415936,22539988369407,76872
22539988369408,22677427322879,6952
22677427322880,22814866276351,9947
22814866276352,22952305229823,8464
22952305229824,23089744183295,15216
23089744183296,23227183136767,19013
23227183136768,23364622090239,52886
23364622090240,23502061043711,851335
23502061043712,23639499997183,5787
23639499997184,23776938950655,6811
23776938950656,23914377904127,817
23914377904128,24051816857599,13243
24051816857600,24189255811071,2603
24189255811072,24326694764543,1299
24326694764544,24464133718015,338
24464133718016,24601572671487,284
24601572671488,24739011624959,319
24739011624960,24876450578431,286
24876450578432,25013889531903,312
25013889531904,25151328485375,653
25151328485376,25288767438847,7050
25288767438848,25426206392319,167
25426206392320,25563645345791,186
25563645345792,25701084299263,2681
25701084299264,25838523252735,189
25838523252736,25975962206207,171
25975962206208,26113401159679,196
26113401159680,26250840113151,185
26250840113152,26388279066623,171
26388279066624,26525718020095,688
26525718020096,26663156973567,232
26663156973568,26800595927039,181
26800595927040,26938034880511,160
26938034880512,27075473833983,1201
27075473833984,27212912787455,197
27212912787456,27350351740927,174
27350351740928,27487790694399,213
27487790694400,27625229647871,151
27625229647872,27762668601343,167
27762668601344,27900107554815,153
27900107554816,28037546508287,170
28037546508288,28174985461759,180
28174985461760,28312424415231,202
28312424415232,28449863368703,220
28449863368704,28587302322175,201
28587302322176,28724741275647,178
28724741275648,28862180229119,198
28862180229120,28999619182591,143
28999619182592,29137058136063,200
29137058136064,29274497089535,190
29274497089536,29411936043007,182
29411936043008,29549374996479,171
29549374996480,29686813949951,203
29686813949952,29824252903423,196
29824252903424,29961691856895,193
29961691856896,30099130810367,2735
30099130810368,30236569763839,200
30236569763840,30374008717311,230
30374008717312,30511447670783,241
30511447670784,30648886624255,134
30648886624256,30786325577727,135
30786325577728,30923764531199,132
30923764531200,31061203484671,124
31061203484672,31198642438143,141
31198642438144,31336081391615,129
31336081391616,31473520345087,158
31473520345088,31610959298559,160
31610959298560,31748398252031,147
31748398252032,31885837205503,138
31885837205504,32023276158975,160
32023276158976,32160715112447,143
32160715112448,32298154065919,157
32298154065920,32435593019391,89107
32435593019392,32573031972863,42203
32573031972864,32710470926335,51
32710470926336,32847909879807,51
32847909879808,32985348833279,43
32985348833280,33122787786751,56
33122787786752,33260226740223,48
33260226740224,33397665693695,50
33397665693696,33535104647167,46
33535104647168,33672543600639,53
33672543600640,33809982554111,57
33809982554112,33947421507583,94
33947421507584,34084860461055,65
34084860461056,34222299414527,107
34222299414528,34359738367999,57
34359738368000,34497177321471,53
34497177321472,34634616274943,76
34634616274944,34772055228415,127
34772055228416,34909494181887,58
34909494181888,35046933135359,57
35046933135360,35184372088831,78
35184372088832,35459249995775,119
35459249995776,35734127902719,137
35734127902720,36009005809663,300
36009005809664,36283883716607,115
36283883716608,36558761623551,209
36558761623552,36833639530495,155
36833639530496,37108517437439,176
37108517437440,37383395344383,180
37383395344384,37658273251327,227
37658273251328,37933151158271,781
37933151158272,38208029065215,148
38208029065216,38482906972159,107
38482906972160,38757784879103,218
38757784879104,39032662786047,97
39032662786048,39307540692991,66
39307540692992,39582418599935,85
39582418599936,39857296506879,215
39857296506880,40132174413823,71
40132174413824,40407052320767,50
40407052320768,40681930227711,44
40681930227712,40956808134655,81
40956808134656,41231686041599,147
41231686041600,41506563948543,68
41506563948544,41781441855487,54
41781441855488,42056319762431,74
42056319762432,42331197669375,34
42331197669376,42606075576319,52
42606075576320,42880953483263,51
42880953483264,43155831390207,4564
43155831390208,43430709297151,1200
43430709297152,43705587204095,59
43705587204096,43980465111039,39
43980465111040,44255343017983,32
44255343017984,44530220924927,98
44530220924928,44805098831871,38
44805098831872,45079976738815,50
45079976738816,45354854645759,24
45354854645760,45629732552703,45
45629732552704,45904610459647,21
45904610459648,46179488366591,33
46179488366592,46454366273535,58
46454366273536,46729244180479,20
46729244180480,47004122087423,6742
47004122087424,47278999994367,18
47278999994368,47553877901311,20
47553877901312,47828755808255,10
47828755808256,48103633715199,13
48103633715200,48378511622143,20
48378511622144,48653389529087,5
48653389529088,48928267436031,8
48928267436032,49203145342975,7
49203145342976,49478023249919,31
49478023249920,49752901156863,26
49752901156864,50027779063807,21
50027779063808,50302656970751,10
50302656970752,50577534877695,40
50577534877696,50852412784639,6
50852412784640,51127290691583,8
51127290691584,51402168598527,2
51402168598528,51677046505471,8
51677046505472,51951924412415,17
51951924412416,52226802319359,8
52226802319360,52501680226303,7
52501680226304,52776558133247,16
52776558133248,53051436040191,19
53051436040192,53326313947135,12
53326313947136,53601191854079,10
53601191854080,53876069761023,9
53876069761024,54150947667967,4
54150947667968,54425825574911,8
54425825574912,54700703481855,15
54700703481856,54975581388799,8
54975581388800,55250459295743,19
55250459295744,55525337202687,11
55525337202688,55800215109631,14
55800215109632,56075093016575,12
56075093016576,56349970923519,19
56349970923520,56624848830463,15
56624848830464,56899726737407,17
56899726737408,57174604644351,21
57174604644352,57449482551295,26
57449482551296,57600044110126,307
