low,high,count
198,198,1
199,199,1
201,201,2
210,210,1
213,213,1
214,214,1
217,217,1
220,220,1
221,221,2
223,223,2
224,224,1
227,227,1
228,228,1
230,230,1
232,232,1
234,234,1
235,235,1
236,236,1
239,239,3
240,240,3
241,241,1
242,242,1
247,247,1
249,249,1
252,252,2
255,255,1
256,257,2
264,265,2
270,271,1
272,273,1
274,275,1
280,281,3
284,285,3
286,287,1
290,291,1
292,293,1
294,295,2
296,297,1
298,299,1
300,301,2
302,303,1
304,305,2
306,307,1
310,311,2
312,313,3
314,315,1
316,317,1
318,319,2
320,321,3
322,323,2
326,327,1
328,329,1
332,333,3
334,335,1
336,337,1
356,357,1
360,361,1
364,365,1
366,367,1
368,369,1
376,377,1
378,379,1
382,383,1
384,385,1
390,391,1
392,393,1
400,401,1
402,403,1
404,405,1
416,417,1
424,425,1
448,449,1
470,471,1
484,485,1
488,489,1
502,503,1
512,515,1
540,543,1
596,599,1
600,603,1
612,615,1
628,631,1
636,639,1
684,687,2
692,695,1
708,711,1
720,723,1
724,727,1
728,731,1
736,739,2
752,755,1
764,767,1
768,771,1
776,779,1
800,803,1
804,807,1
816,819,1
820,823,1
848,851,1
852,855,1
876,879,1
880,883,2
884,887,2
888,891,1
892,895,2
896,899,3
900,903,4
904,907,6
908,911,4
912,915,5
916,919,4
920,923,9
924,927,5
928,931,14
932,935,11
936,939,6
940,943,23
944,947,12
948,951,20
952,955,18
956,959,26
960,963,26
964,967,19
968,971,23
972,975,20
976,979,31
980,983,27
984,987,20
988,991,19
992,995,18
996,999,23
1000,1003,17
1004,1007,21
1008,1011,14
1012,1015,12
1016,1019,11
1020,1023,15
1024,1031,23
1032,1039,26
1040,1047,19
1048,1055,19
1056,1063,26
1064,1071,11
1072,1079,17
1080,1087,13
1088,1095,11
1096,1103,9
1104,1111,7
1112,1119,11
1120,1127,14
1128,1135,13
1136,1143,8
1144,1151,10
1152,1159,13
1160,1167,10
1168,1175,6
1176,1183,18
1184,1191,14
1192,1199,18
1200,1207,17
1208,1215,30
1216,1223,23
1224,1231,25
1232,1239,34
1240,1247,24
1248,1255,21
1256,1263,15
1264,1271,19
1272,1279,23
1280,1287,21
1288,1295,11
1296,1303,13
1304,1311,17
1312,1319,8
1320,1327,10
1328,1335,9
1336,1343,7
1344,1351,8
1352,1359,9
1360,1367,3
1368,1375,5
1376,1383,12
1384,1391,9
1392,1399,8
1400,1407,6
1408,1415,10
1416,1423,15
1424,1431,17
1432,1439,17
1440,1447,27
1448,1455,18
1456,1463,16
1464,1471,14
1472,1479,17
1480,1487,23
1488,1495,17
1496,1503,19
1504,1511,17
1512,1519,8
1520,1527,14
1528,1535,14
1536,1543,11
1544,1551,10
1552,1559,9
1560,1567,4
1568,1575,9
1576,1583,7
1584,1591,9
1592,1599,5
1600,1607,6
1608,1615,5
1616,1623,4
1624,1631,3
1632,1639,7
1640,1647,5
1648,1655,13
1656,1663,11
1664,1671,10
1672,1679,5
1680,1687,16
1688,1695,9
1696,1703,12
1704,1711,10
1712,1719,14
1720,1727,14
1728,1735,17
1736,1743,12
1744,1751,7
1752,1759,4
1760,1767,8
1768,1775,8
1776,1783,6
1784,1791,8
1792,1799,11
1800,1807,11
1808,1815,6
1816,1823,6
1824,1831,4
1832,1839,5
1840,1847,3
1848,1855,6
1856,1863,4
1864,1871,9
1872,1879,5
1880,1887,4
1888,1895,2
1896,1903,5
1904,1911,2
1912,1919,3
1928,1935,1
1936,1943,7
1944,1951,3
1952,1959,1
1960,1967,5
1968,1975,4
1976,1983,1
1984,1991,1
1992,1999,2
2000,2007,1
2008,2015,4
2016,2023,2
2024,2031,3
2032,2039,2
2040,2047,2
2048,2063,6
2080,2095,1
2096,2111,3
2112,2127,7
2128,2143,5
2144,2159,6
2160,2175,10
2176,2191,20
2192,2207,39
2208,2223,42
2224,2239,47
2240,2255,68
2256,2271,42
2272,2287,34
2288,2303,40
2304,2319,31
2320,2335,21
2336,2351,21
2352,2367,16
2368,2383,12
2384,2399,19
2400,2415,15
2416,2431,20
2432,2447,20
2448,2463,22
2464,2479,34
2480,2495,22
2496,2511,34
2512,2527,32
2528,2543,38
2544,2559,28
2560,2575,20
2576,2591,25
2592,2607,11
2608,2623,18
2624,2639,18
2640,2655,18
2656,2671,20
2672,2687,17
2688,2703,27
2704,2719,30
2720,2735,19
2736,2751,25
2752,2767,27
2768,2783,23
2784,2799,22
2800,2815,21
2816,2831,13
2832,2847,13
2848,2863,20
2864,2879,10
2880,2895,9
2896,2911,13
2912,2927,9
2928,2943,15
2944,2959,23
2960,2975,19
2976,2991,20
2992,3007,24
3008,3023,21
3024,3039,18
3040,3055,20
3056,3071,11
3072,3087,16
3088,3103,15
3104,3119,15
3120,3135,14
3136,3151,14
3152,3167,15
3168,3183,18
3184,3199,28
3200,3215,24
3216,3231,41
3232,3247,25
3248,3263,22
3264,3279,17
3280,3295,25
3296,3311,18
3312,3327,13
3328,3343,9
3344,3359,13
3360,3375,11
3376,3391,11
3392,3407,13
3408,3423,8
3424,3439,25
3440,3455,15
3456,3471,19
3472,3487,26
3488,3503,24
3504,3519,31
3520,3535,19
3536,3551,15
3552,3567,10
3568,3583,10
3584,3599,8
3600,3615,11
3616,3631,21
3632,3647,15
3648,3663,19
3664,3679,24
3680,3695,28
3696,3711,31
3712,3727,31
3728,3743,31
3744,3759,26
3760,3775,28
3776,3791,21
3792,3807,8
3808,3823,20
3824,3839,16
3840,3855,15
3856,3871,16
3872,3887,21
3888,3903,10
3904,3919,15
3920,3935,19
3936,3951,20
3952,3967,25
3968,3983,20
3984,3999,17
4000,4015,15
4016,4031,15
4032,4047,19
4048,4063,16
4064,4079,10
4080,4095,10
4096,4127,30
4128,4159,26
4160,4191,40
4192,4223,45
4224,4255,56
4256,4287,30
4288,4319,38
4320,4351,21
4352,4383,24
4384,4415,21
4416,4447,39
4448,4479,36
4480,4511,48
4512,4543,38
4544,4575,31
4576,4607,28
4608,4639,17
4640,4671,29
4672,4703,37
4704,4735,33
4736,4767,44
4768,4799,33
4800,4831,26
4832,4863,28
4864,4895,32
4896,4927,33
4928,4959,51
4960,4991,47
4992,5023,39
5024,5055,32
5056,5087,29
5088,5119,23
5120,5151,33
5152,5183,29
5184,5215,37
5216,5247,32
5248,5279,29
5280,5311,31
5312,5343,41
5344,5375,22
5376,5407,38
5408,5439,45
5440,5471,63
5472,5503,45
5504,5535,36
5536,5567,28
5568,5599,20
5600,5631,30
5632,5663,36
5664,5695,38
5696,5727,43
5728,5759,30
5760,5791,29
5792,5823,26
5824,5855,25
5856,5887,35
5888,5919,35
5920,5951,57
5952,5983,48
5984,6015,42
6016,6047,28
6048,6079,33
6080,6111,28
6112,6143,34
6144,6175,48
6176,6207,39
6208,6239,43
6240,6271,33
6272,6303,41
6304,6335,30
6336,6367,25
6368,6399,27
6400,6431,39
6432,6463,46
6464,6495,41
6496,6527,31
6528,6559,22
6560,6591,25
6592,6623,35
6624,6655,41
6656,6687,37
6688,6719,40
6720,6751,40
6752,6783,38
6784,6815,21
6816,6847,28
6848,6879,21
6880,6911,41
6912,6943,30
6944,6975,42
6976,7007,31
7008,7039,34
7040,7071,36
7072,7103,41
7104,7135,28
7136,7167,39
7168,7199,49
7200,7231,43
7232,7263,29
7264,7295,31
7296,7327,27
7328,7359,31
7360,7391,38
7392,7423,36
7424,7455,45
7456,7487,30
7488,7519,26
7520,7551,32
7552,7583,30
7584,7615,37
7616,7647,36
7648,7679,45
7680,7711,38
7712,7743,50
7744,7775,37
7776,7807,31
7808,7839,26
7840,7871,22
7872,7903,36
7904,7935,43
7936,7967,32
7968,7999,41
8000,8031,22
8032,8063,37
8064,8095,21
8096,8127,26
8128,8159,39
8160,8191,40
8192,8255,66
8256,8319,53
8320,8383,67
8384,8447,85
8448,8511,77
8512,8575,51
8576,8639,47
8640,8703,71
8704,8767,55
8768,8831,53
8832,8895,70
8896,8959,93
8960,9023,55
9024,9087,66
9088,9151,72
9152,9215,85
9216,9279,57
9280,9343,60
9344,9407,64
9408,9471,87
9472,9535,53
9536,9599,60
9600,9663,78
9664,9727,77
9728,9791,46
9792,9855,44
9856,9919,81
9920,9983,63
9984,10047,59
10048,10111,56
10112,10175,69
10176,10239,65
10240,10303,46
10304,10367,63
10368,10431,82
10432,10495,60
10496,10559,60
10560,10623,57
10624,10687,65
10688,10751,66
10752,10815,57
10816,10879,72
10880,10943,72
10944,11007,61
11008,11071,59
11072,11135,69
11136,11199,66
11200,11263,48
11264,11327,54
11328,11391,75
11392,11455,80
11456,11519,53
11520,11583,46
11584,11647,67
11648,11711,66
11712,11775,54
11776,11839,63
11840,11903,78
11904,11967,76
11968,12031,57
12032,12095,62
12096,12159,76
12160,12223,63
12224,12287,47
12288,12351,59
12352,12415,74
12416,12479,51
12480,12543,58
12544,12607,60
12608,12671,78
12672,12735,58
12736,12799,57
12800,12863,67
12864,12927,63
12928,12991,51
12992,13055,68
13056,13119,75
13120,13183,62
13184,13247,53
13248,13311,64
13312,13375,73
13376,13439,79
13440,13503,53
13504,13567,68
13568,13631,69
13632,13695,56
13696,13759,64
13760,13823,57
13824,13887,72
13888,13951,69
13952,14015,66
14016,14079,47
14080,14143,59
14144,14207,54
14208,14271,68
14272,14335,72
14336,14399,80
14400,14463,58
14464,14527,54
14528,14591,69
14592,14655,69
14656,14719,49
14720,14783,53
14784,14847,58
14848,14911,77
14912,14975,63
14976,15039,55
15040,15103,57
15104,15167,65
15168,15231,66
15232,15295,45
15296,15359,76
15360,15423,62
15424,15487,67
15488,15551,54
15552,15615,66
15616,15679,73
15680,15743,54
15744,15807,49
15808,15871,59
15872,15935,63
15936,15999,47
16000,16063,54
16064,16127,71
16128,16191,71
16192,16255,49
16256,16319,76
16320,16383,62
16384,16511,106
16512,16639,123
16640,16767,110
16768,16895,146
16896,17023,116
17024,17151,129
17152,17279,122
17280,17407,126
17408,17535,109
17536,17663,118
17664,17791,141
17792,17919,119
17920,18047,108
18048,18175,106
18176,18303,101
18304,18431,117
18432,18559,129
18560,18687,111
18688,18815,122
18816,18943,84
18944,19071,123
19072,19199,132
19200,19327,113
19328,19455,101
19456,19583,127
19584,19711,107
19712,19839,114
19840,19967,93
19968,20095,121
20096,20223,97
20224,20351,128
20352,20479,104
20480,20607,116
20608,20735,115
20736,20863,127
20864,20991,101
20992,21119,117
21120,21247,114
21248,21375,102
21376,21503,102
21504,21631,106
21632,21759,105
21760,21887,127
21888,22015,118
22016,22143,112
22144,22271,100
22272,22399,106
22400,22527,114
22528,22655,123
22656,22783,103
22784,22911,93
22912,23039,130
23040,23167,98
23168,23295,110
23296,23423,122
23424,23551,121
23552,23679,95
23680,23807,120
23808,23935,113
23936,24063,116
24064,24191,112
24192,24319,112
24320,24447,101
24448,24575,121
24576,24703,128
24704,24831,127
24832,24959,152
24960,25087,162
25088,25215,145
25216,25343,185
25344,25471,203
25472,25599,186
25600,25727,201
25728,25855,247
25856,25983,244
25984,26111,238
26112,26239,233
26240,26367,203
26368,26495,243
26496,26623,237
26624,26751,250
26752,26879,222
26880,27007,239
27008,27135,221
27136,27263,272
27264,27391,203
27392,27519,266
27520,27647,248
27648,27775,276
27776,27903,249
27904,28031,226
28032,28159,223
28160,28287,247
28288,28415,251
28416,28543,239
28544,28671,256
28672,28799,285
28800,28927,278
28928,29055,301
29056,29183,261
29184,29311,292
29312,29439,292
29440,29567,294
29568,29695,323
29696,29823,285
29824,29951,307
29952,30079,297
30080,30207,322
30208,30335,291
30336,30463,375
30464,30591,369
30592,30719,412
30720,30847,376
30848,30975,458
30976,31103,468
31104,31231,512
31232,31359,511
31360,31487,588
31488,31615,536
31616,31743,595
31744,31871,574
31872,31999,631
32000,32127,615
32128,32255,586
32256,32383,630
32384,32511,640
32512,32639,631
32640,32767,645
32768,33023,1248
33024,33279,1240
33280,33535,1126
33536,33791,1204
33792,34047,1148
34048,34303,1114
34304,34559,1062
34560,34815,1015
34816,35071,1022
35072,35327,989
35328,35583,1031
35584,35839,1014
35840,36095,999
36096,36351,946
36352,36607,985
36608,36863,1016
36864,37119,934
37120,37375,957
37376,37631,1011
37632,37887,988
37888,38143,952
38144,38399,935
38400,38655,1011
38656,38911,956
38912,39167,998
39168,39423,1026
39424,39679,991
39680,39935,1015
39936,40191,970
40192,40447,988
40448,40703,941
40704,40959,1068
40960,41215,956
41216,41471,1013
41472,41727,936
41728,41983,927
41984,42239,970
42240,42495,974
42496,42751,980
42752,43007,983
43008,43263,963
43264,43519,1003
43520,43775,1074
43776,44031,1146
44032,44287,1136
44288,44543,1270
44544,44799,1324
44800,45055,1425
45056,45311,1489
45312,45567,1567
45568,45823,1545
45824,46079,1522
46080,46335,1620
46336,46591,1637
46592,46847,1635
46848,47103,1659
47104,47359,1633
47360,47615,1578
47616,47871,1622
47872,48127,1567
48128,48383,1572
48384,48639,1546
48640,48895,1546
48896,49151,1548
49152,49407,1448
49408,49663,1418
49664,49919,1442
49920,50175,1407
50176,50431,1371
50432,50687,1406
50688,50943,1375
50944,51199,1364
51200,51455,1318
51456,51711,1288
51712,51967,1302
51968,52223,1246
52224,52479,1199
52480,52735,1288
52736,52991,1245
52992,53247,1272
53248,53503,1242
53504,53759,1200
53760,54015,1171
54016,54271,1203
54272,54527,1222
54528,54783,1089
54784,55039,1145
55040,55295,1087
55296,55551,1094
55552,55807,1064
55808,56063,1044
56064,56319,938
56320,56575,917
56576,56831,888
56832,57087,889
57088,57343,864
57344,57599,816
57600,57855,825
57856,58111,831
58112,58367,778
58368,58623,769
58624,58879,761
58880,59135,768
59136,59391,703
59392,59647,712
59648,59903,682
59904,60159,685
60160,60415,605
60416,60671,636
60672,60927,655
60928,61183,622
61184,61439,641
61440,61695,599
61696,61951,639
61952,62207,609
62208,62463,576
62464,62719,645
62720,62975,628
62976,63231,617
63232,63487,577
63488,63743,585
63744,63999,594
64000,64255,565
64256,64511,576
64512,64767,601
64768,65023,523
65024,65279,533
65280,65535,560
65536,66047,1153
66048,66559,1145
66560,67071,1140
67072,67583,1117
67584,68095,1105
68096,68607,1073
68608,69119,1112
69120,69631,1172
69632,70143,1146
70144,70655,1115
70656,71167,1110
71168,71679,1119
71680,72191,1040
72192,72703,1012
72704,73215,1025
73216,73727,978
73728,74239,926
74240,74751,955
74752,75263,938
75264,75775,903
75776,76287,929
76288,76799,951
76800,77311,938
77312,77823,916
77824,78335,855
78336,78847,860
78848,79359,907
79360,79871,912
79872,80383,897
80384,80895,838
80896,81407,897
81408,81919,839
81920,82431,845
82432,82943,895
82944,83455,850
83456,83967,827
83968,84479,844
84480,84991,830
84992,85503,808
85504,86015,782
86016,86527,765
86528,87039,726
87040,87551,786
87552,88063,811
88064,88575,753
88576,89087,712
89088,89599,714
89600,90111,725
90112,90623,700
90624,91135,706
91136,91647,690
91648,92159,722
92160,92671,664
92672,93183,722
93184,93695,655
93696,94207,685
94208,94719,661
94720,95231,676
95232,95743,660
95744,96255,624
96256,96767,641
96768,97279,629
97280,97791,669
97792,98303,675
98304,98815,631
98816,99327,615
99328,99839,612
99840,100351,650
100352,100863,635
100864,101375,641
101376,101887,610
101888,102399,634
102400,102911,596
102912,103423,624
103424,103935,609
103936,104447,641
104448,104959,584
104960,105471,589
105472,105983,670
105984,106495,556
106496,107007,587
107008,107519,597
107520,108031,636
108032,108543,628
108544,109055,619
109056,109567,667
109568,110079,572
110080,110591,612
110592,111103,608
111104,111615,581
111616,112127,623
112128,112639,608
112640,113151,625
113152,113663,568
113664,114175,606
114176,114687,583
114688,115199,562
115200,115711,545
115712,116223,542
116224,116735,587
116736,117247,588
117248,117759,589
117760,118271,541
118272,118783,532
118784,119295,562
119296,119807,522
119808,120319,542
120320,120831,494
120832,121343,457
121344,121855,523
121856,122367,530
122368,122879,475
122880,123391,482
123392,123903,488
123904,124415,509
124416,124927,529
124928,125439,498
125440,125951,515
125952,126463,502
126464,126975,496
126976,127487,486
127488,127999,480
128000,128511,510
128512,129023,479
129024,129535,517
129536,130047,498
130048,130559,500
130560,131071,516
131072,132095,1047
132096,133119,1071
133120,134143,1044
134144,135167,1124
135168,136191,1152
136192,137215,1127
137216,138239,1144
138240,139263,1142
139264,140287,1195
140288,141311,1197
141312,142335,1187
142336,143359,1148
143360,144383,1110
144384,145407,1104
145408,146431,1242
146432,147455,1153
147456,148479,1123
148480,149503,1115
149504,150527,1238
150528,151551,1136
151552,152575,1125
152576,153599,1104
153600,154623,1066
154624,155647,1032
155648,156671,1037
156672,157695,1031
157696,158719,971
158720,159743,931
159744,160767,984
160768,161791,887
161792,162815,897
162816,163839,875
163840,164863,874
164864,165887,831
165888,166911,782
166912,167935,788
167936,168959,820
168960,169983,769
169984,171007,740
171008,172031,717
172032,173055,728
173056,174079,733
174080,175103,728
175104,176127,677
176128,177151,688
177152,178175,738
178176,179199,666
179200,180223,698
180224,181247,689
181248,182271,714
182272,183295,683
183296,184319,655
184320,185343,679
185344,186367,708
186368,187391,681
187392,188415,620
188416,189439,627
189440,190463,672
190464,191487,643
191488,192511,632
192512,193535,606
193536,194559,628
194560,195583,612
195584,196607,578
196608,197631,590
197632,198655,586
198656,199679,556
199680,200703,580
200704,201727,531
201728,202751,569
202752,203775,548
203776,204799,557
204800,205823,588
205824,206847,590
206848,207871,543
207872,208895,583
208896,209919,495
209920,210943,564
210944,211967,544
211968,212991,519
212992,214015,538
214016,215039,515
215040,216063,490
216064,217087,505
217088,218111,529
218112,219135,577
219136,220159,529
220160,221183,573
221184,222207,585
222208,223231,617
223232,224255,754
224256,225279,848
225280,226303,921
226304,227327,885
227328,228351,887
228352,229375,797
229376,230399,802
230400,231423,736
231424,232447,710
232448,233471,714
233472,234495,614
234496,235519,623
235520,236543,585
236544,237567,607
237568,238591,635
238592,239615,568
239616,240639,561
240640,241663,506
241664,242687,524
242688,243711,538
243712,244735,462
244736,245759,516
245760,246783,530
246784,247807,508
247808,248831,472
248832,249855,536
249856,250879,586
250880,251903,778
251904,252927,874
252928,253951,968
253952,254975,827
254976,255999,764
256000,257023,659
257024,258047,658
258048,259071,645
259072,260095,589
260096,261119,556
261120,262143,539
262144,264191,1050
264192,266239,1009
266240,268287,990
268288,270335,1024
270336,272383,1028
272384,274431,964
274432,276479,1030
276480,278527,992
278528,280575,1005
280576,282623,959
282624,284671,1063
284672,286719,1068
286720,288767,1012
288768,290815,1006
290816,292863,988
292864,294911,1020
294912,296959,1055
296960,299007,1120
299008,301055,1161
301056,303103,1078
303104,305151,1137
305152,307199,1287
307200,309247,1248
309248,311295,1169
311296,313343,1054
313344,315391,1023
315392,317439,1017
317440,319487,981
319488,321535,933
321536,323583,1000
323584,325631,1019
325632,327679,1051
327680,329727,1007
329728,331775,1047
331776,333823,1004
333824,335871,1031
335872,337919,1049
337920,339967,1016
339968,342015,1067
342016,344063,988
344064,346111,976
346112,348159,936
348160,350207,975
350208,352255,983
352256,354303,940
354304,356351,1021
356352,358399,1068
358400,360447,1039
360448,362495,1006
362496,364543,1090
364544,366591,982
366592,368639,957
368640,370687,878
370688,372735,871
372736,374783,920
374784,376831,881
376832,378879,935
378880,380927,897
380928,382975,889
382976,385023,861
385024,387071,926
387072,389119,904
389120,391167,920
391168,393215,952
393216,395263,950
395264,397311,1001
397312,399359,986
399360,401407,1042
401408,403455,994
403456,405503,950
405504,407551,940
407552,409599,1022
409600,411647,1055
411648,413695,1026
413696,415743,1033
415744,417791,1052
417792,419839,1038
419840,421887,1052
421888,423935,1035
423936,425983,1077
425984,428031,1098
428032,430079,1006
430080,432127,1258
432128,434175,1408
434176,436223,1489
436224,438271,1483
438272,440319,1303
440320,442367,1150
442368,444415,1154
444416,446463,1010
446464,448511,1017
448512,450559,1015
450560,452607,998
452608,454655,977
454656,456703,888
456704,458751,867
458752,460799,842
460800,462847,872
462848,464895,801
464896,466943,835
466944,468991,742
468992,471039,725
471040,473087,726
473088,475135,746
475136,477183,776
477184,479231,740
479232,481279,719
481280,483327,725
483328,485375,717
485376,487423,680
487424,489471,696
489472,491519,685
491520,493567,657
493568,495615,686
495616,497663,671
497664,499711,647
499712,501759,700
501760,503807,644
503808,505855,679
505856,507903,672
507904,509951,696
509952,511999,620
512000,514047,620
514048,516095,656
516096,518143,639
518144,520191,599
520192,522239,654
522240,524287,620
524288,528383,1239
528384,532479,1247
532480,536575,1147
536576,540671,1204
540672,544767,1158
544768,548863,1112
548864,552959,1178
552960,557055,1198
557056,561151,1102
561152,565247,1180
565248,569343,1106
569344,573439,1104
573440,577535,1050
577536,581631,1137
581632,585727,1132
585728,589823,1110
589824,593919,1074
593920,598015,1116
598016,602111,1076
602112,606207,1054
606208,610303,1046
610304,614399,1125
614400,618495,1194
618496,622591,1070
622592,626687,1040
626688,630783,1020
630784,634879,993
634880,638975,1000
638976,643071,995
643072,647167,996
647168,651263,1009
651264,655359,1013
655360,659455,962
659456,663551,970
663552,667647,943
667648,671743,963
671744,675839,999
675840,679935,935
679936,684031,958
684032,688127,946
688128,692223,908
692224,696319,900
696320,700415,923
700416,704511,876
704512,708607,910
708608,712703,940
712704,716799,909
716800,720895,889
720896,724991,908
724992,729087,839
729088,733183,910
733184,737279,842
737280,741375,908
741376,745471,834
745472,749567,902
749568,753663,875
753664,757759,853
757760,761855,852
761856,765951,884
765952,770047,812
770048,774143,948
774144,778239,888
778240,782335,806
782336,786431,828
786432,790527,797
790528,794623,849
794624,798719,820
798720,802815,796
802816,806911,771
806912,811007,776
811008,815103,767
815104,819199,787
819200,823295,802
823296,827391,796
827392,831487,774
831488,835583,761
835584,839679,741
839680,843775,745
843776,847871,758
847872,851967,690
851968,856063,726
856064,860159,665
860160,864255,742
864256,868351,747
868352,872447,667
872448,876543,650
876544,880639,650
880640,884735,633
884736,888831,660
888832,892927,684
892928,897023,637
897024,901119,693
901120,905215,680
905216,909311,679
909312,913407,675
913408,917503,658
917504,921599,656
921600,925695,659
925696,929791,667
929792,933887,648
933888,937983,723
937984,942079,686
942080,946175,621
946176,950271,627
950272,954367,599
954368,958463,589
958464,962559,658
962560,966655,615
966656,970751,608
970752,974847,588
974848,978943,612
978944,983039,639
983040,987135,601
987136,991231,600
991232,995327,593
995328,999423,579
999424,1003519,564
1003520,1007615,629
1007616,1011711,570
1011712,1015807,546
1015808,1019903,554
1019904,1023999,546
1024000,1028095,528
1028096,1032191,544
1032192,1036287,559
1036288,1040383,536
1040384,1044479,516
1044480,1048575,544
1048576,1056767,1128
1056768,1064959,992
1064960,1073151,1071
1073152,1081343,952
1081344,1089535,982
1089536,1097727,954
1097728,1105919,1017
1105920,1114111,952
1114112,1122303,984
1122304,1130495,938
1130496,1138687,864
1138688,1146879,933
1146880,1155071,986
1155072,1163263,945
1163264,1171455,928
1171456,1179647,901
1179648,1187839,826
1187840,1196031,842
1196032,1204223,820
1204224,1212415,749
1212416,1220607,800
1220608,1228799,738
1228800,1236991,784
1236992,1245183,771
1245184,1253375,767
1253376,1261567,823
1261568,1269759,828
1269760,1277951,768
1277952,1286143,750
1286144,1294335,736
1294336,1302527,704
1302528,1310719,762
1310720,1318911,731
1318912,1327103,765
1327104,1335295,749
1335296,1343487,756
1343488,1351679,728
1351680,1359871,715
1359872,1368063,681
1368064,1376255,722
1376256,1384447,709
1384448,1392639,664
1392640,1400831,664
1400832,1409023,703
1409024,1417215,652
1417216,1425407,655
1425408,1433599,680
1433600,1441791,658
1441792,1449983,706
1449984,1458175,692
1458176,1466367,664
1466368,1474559,614
1474560,1482751,651
1482752,1490943,636
1490944,1499135,629
1499136,1507327,621
1507328,1515519,583
1515520,1523711,636
1523712,1531903,566
1531904,1540095,645
1540096,1548287,627
1548288,1556479,558
1556480,1564671,593
1564672,1572863,610
1572864,1581055,555
1581056,1589247,583
1589248,1597439,555
1597440,1605631,561
1605632,1613823,538
1613824,1622015,581
1622016,1630207,564
1630208,1638399,526
1638400,1646591,554
1646592,1654783,519
1654784,1662975,589
1662976,1671167,536
1671168,1679359,503
1679360,1687551,568
1687552,1695743,504
1695744,1703935,553
1703936,1712127,536
1712128,1720319,555
1720320,1728511,498
1728512,1736703,564
1736704,1744895,524
1744896,1753087,534
1753088,1761279,526
1761280,1769471,545
1769472,1777663,536
1777664,1785855,528
1785856,1794047,528
1794048,1802239,492
1802240,1810431,485
1810432,1818623,517
1818624,1826815,518
1826816,1835007,504
1835008,1843199,506
1843200,1851391,477
1851392,1859583,451
1859584,1867775,522
1867776,1875967,530
1875968,1884159,505
1884160,1892351,524
1892352,1900543,491
1900544,1908735,473
1908736,1916927,480
1916928,1925119,492
1925120,1933311,492
1933312,1941503,454
1941504,1949695,495
1949696,1957887,453
1957888,1966079,530
1966080,1974271,474
1974272,1982463,505
1982464,1990655,460
1990656,1998847,445
1998848,2007039,475
2007040,2015231,501
2015232,2023423,439
2023424,2031615,446
2031616,2039807,411
2039808,2047999,390
2048000,2056191,476
2056192,2064383,454
2064384,2072575,440
2072576,2080767,453
2080768,2088959,402
2088960,2097151,472
2097152,2113535,854
2113536,2129919,877
2129920,2146303,837
2146304,2162687,748
2162688,2179071,821
2179072,2195455,798
2195456,2211839,744
2211840,2228223,742
2228224,2244607,714
2244608,2260991,724
2260992,2277375,721
2277376,2293759,738
2293760,2310143,735
2310144,2326527,705
2326528,2342911,707
2342912,2359295,750
2359296,2375679,701
2375680,2392063,696
2392064,2408447,660
2408448,2424831,700
2424832,2441215,664
2441216,2457599,699
2457600,2473983,692
2473984,2490367,686
2490368,2506751,652
2506752,2523135,622
2523136,2539519,670
2539520,2555903,658
2555904,2572287,604
2572288,2588671,627
2588672,2605055,602
2605056,2621439,599
2621440,2637823,626
2637824,2654207,604
2654208,2670591,573
2670592,2686975,647
2686976,2703359,573
2703360,2719743,637
2719744,2736127,580
2736128,2752511,618
2752512,2768895,601
2768896,2785279,569
2785280,2801663,555
2801664,2818047,593
2818048,2834431,566
2834432,2850815,612
2850816,2867199,577
2867200,2883583,557
2883584,2899967,555
2899968,2916351,567
2916352,2932735,528
2932736,2949119,605
2949120,2965503,550
2965504,2981887,541
2981888,2998271,559
2998272,3014655,595
3014656,3031039,543
3031040,3047423,516
3047424,3063807,505
3063808,3080191,556
3080192,3096575,525
3096576,3112959,550
3112960,3129343,516
3129344,3145727,513
3145728,3162111,535
3162112,3178495,533
3178496,3194879,491
3194880,3211263,532
3211264,3227647,519
3227648,3244031,481
3244032,3260415,526
3260416,3276799,509
3276800,3293183,474
3293184,3309567,484
3309568,3325951,513
3325952,3342335,504
3342336,3358719,510
3358720,3375103,523
3375104,3391487,462
3391488,3407871,469
3407872,3424255,499
3424256,3440639,446
3440640,3457023,426
3457024,3473407,463
3473408,3489791,449
3489792,3506175,434
3506176,3522559,494
3522560,3538943,480
3538944,3555327,426
3555328,3571711,476
3571712,3588095,432
3588096,3604479,493
3604480,3620863,437
3620864,3637247,475
3637248,3653631,464
3653632,3670015,447
3670016,3686399,443
3686400,3702783,418
3702784,3719167,428
3719168,3735551,447
3735552,3751935,418
3751936,3768319,445
3768320,3784703,435
3784704,3801087,465
3801088,3817471,437
3817472,3833855,439
3833856,3850239,399
3850240,3866623,422
3866624,3883007,469
3883008,3899391,445
3899392,3915775,423
3915776,3932159,425
3932160,3948543,403
3948544,3964927,421
3964928,3981311,440
3981312,3997695,433
3997696,4014079,391
4014080,4030463,424
4030464,4046847,428
4046848,4063231,375
4063232,4079615,431
4079616,4095999,445
4096000,4112383,443
4112384,4128767,377
4128768,4145151,398
4145152,4161535,367
4161536,4177919,400
4177920,4194303,440
4194304,4227071,830
4227072,4259839,834
4259840,4292607,833
4292608,4325375,758
4325376,4358143,786
4358144,4390911,778
4390912,4423679,768
4423680,4456447,724
4456448,4489215,779
4489216,4521983,744
4521984,4554751,729
4554752,4587519,688
4587520,4620287,647
4620288,4653055,678
4653056,4685823,751
4685824,4718591,644
4718592,4751359,663
4751360,4784127,722
4784128,4816895,662
4816896,4849663,642
4849664,4882431,641
4882432,4915199,668
4915200,4947967,666
4947968,4980735,662
4980736,5013503,776
5013504,5046271,1211
5046272,5079039,793
5079040,5111807,668
5111808,5144575,750
5144576,5177343,682
5177344,5210111,583
5210112,5242879,640
5242880,5275647,605
5275648,5308415,649
5308416,5341183,752
5341184,5373951,571
5373952,5406719,585
5406720,5439487,616
5439488,5472255,654
5472256,5505023,599
5505024,5537791,652
5537792,5570559,526
5570560,5603327,589
5603328,5636095,602
5636096,5668863,532
5668864,5701631,500
5701632,5734399,536
5734400,5767167,537
5767168,5799935,528
5799936,5832703,588
5832704,5865471,540
5865472,5898239,609
5898240,5931007,545
5931008,5963775,516
5963776,5996543,569
5996544,6029311,541
6029312,6062079,558
6062080,6094847,588
6094848,6127615,508
6127616,6160383,501
6160384,6193151,518
6193152,6225919,497
6225920,6258687,501
6258688,6291455,519
6291456,6324223,498
6324224,6356991,504
6356992,6389759,491
6389760,6422527,552
6422528,6455295,542
6455296,6488063,514
6488064,6520831,485
6520832,6553599,481
6553600,6586367,468
6586368,6619135,488
6619136,6651903,440
6651904,6684671,509
6684672,6717439,499
6717440,6750207,497
6750208,6782975,498
6782976,6815743,483
6815744,6848511,496
6848512,6881279,519
6881280,6914047,462
6914048,6946815,430
6946816,6979583,416
6979584,7012351,462
7012352,7045119,462
7045120,7077887,431
7077888,7110655,460
7110656,7143423,421
7143424,7176191,399
7176192,7208959,387
7208960,7241727,447
7241728,7274495,409
7274496,7307263,425
7307264,7340031,474
7340032,7372799,442
7372800,7405567,476
7405568,7438335,414
7438336,7471103,416
7471104,7503871,397
7503872,7536639,409
7536640,7569407,419
7569408,7602175,449
7602176,7634943,406
7634944,7667711,405
7667712,7700479,399
7700480,7733247,416
7733248,7766015,430
7766016,7798783,403
7798784,7831551,354
7831552,7864319,435
7864320,7897087,415
7897088,7929855,439
7929856,7962623,420
7962624,7995391,396
7995392,8028159,415
8028160,8060927,452
8060928,8093695,416
8093696,8126463,405
8126464,8159231,380
8159232,8191999,335
8192000,8224767,358
8224768,8257535,394
8257536,8290303,377
8290304,8323071,397
8323072,8355839,376
8355840,8388607,370
8388608,8454143,740
8454144,8519679,710
8519680,8585215,788
8585216,8650751,737
8650752,8716287,693
8716288,8781823,772
8781824,8847359,701
8847360,8912895,722
8912896,8978431,676
8978432,9043967,740
9043968,9109503,749
9109504,9175039,676
9175040,9240575,621
9240576,9306111,645
9306112,9371647,697
9371648,9437183,675
9437184,9502719,650
9502720,9568255,675
9568256,9633791,717
9633792,9699327,732
9699328,9764863,652
9764864,9830399,745
9830400,9895935,663
9895936,9961471,714
9961472,10027007,654
10027008,10092543,630
10092544,10158079,769
10158080,10223615,702
10223616,10289151,698
10289152,10354687,623
10354688,10420223,703
10420224,10485759,640
10485760,10551295,608
10551296,10616831,625
10616832,10682367,605
10682368,10747903,630
10747904,10813439,605
10813440,10878975,628
10878976,10944511,563
10944512,11010047,616
11010048,11075583,575
11075584,11141119,587
11141120,11206655,574
11206656,11272191,610
11272192,11337727,496
11337728,11403263,569
11403264,11468799,600
11468800,11534335,536
11534336,11599871,559
11599872,11665407,532
11665408,11730943,554
11730944,11796479,518
11796480,11862015,536
11862016,11927551,520
11927552,11993087,519
11993088,12058623,585
12058624,12124159,489
12124160,12189695,513
12189696,12255231,546
12255232,12320767,548
12320768,12386303,460
12386304,12451839,497
12451840,12517375,445
12517376,12582911,460
12582912,12648447,466
12648448,12713983,468
12713984,12779519,463
12779520,12845055,437
12845056,12910591,475
12910592,12976127,433
12976128,13041663,429
13041664,13107199,465
13107200,13172735,457
13172736,13238271,432
13238272,13303807,467
13303808,13369343,455
13369344,13434879,416
13434880,13500415,457
13500416,13565951,429
13565952,13631487,454
13631488,13697023,475
13697024,13762559,424
13762560,13828095,467
13828096,13893631,474
13893632,13959167,456
13959168,14024703,474
14024704,14090239,457
14090240,14155775,395
14155776,14221311,434
14221312,14286847,451
14286848,14352383,513
14352384,14417919,425
14417920,14483455,451
14483456,14548991,434
14548992,14614527,441
14614528,14680063,415
14680064,14745599,376
14745600,14811135,400
14811136,14876671,457
14876672,14942207,429
14942208,15007743,399
15007744,15073279,443
15073280,15138815,417
15138816,15204351,391
15204352,15269887,451
15269888,15335423,445
15335424,15400959,500
15400960,15466495,465
15466496,15532031,456
15532032,15597567,499
15597568,15663103,494
15663104,15728639,493
15728640,15794175,562
15794176,15859711,597
15859712,15925247,556
15925248,15990783,517
15990784,16056319,517
16056320,16121855,554
16121856,16187391,470
16187392,16252927,433
16252928,16318463,457
16318464,16383999,456
16384000,16449535,461
16449536,16515071,410
16515072,16580607,439
16580608,16646143,367
16646144,16711679,474
16711680,16777215,464
16777216,16908287,833
16908288,17039359,785
17039360,17170431,799
17170432,17301503,822
17301504,17432575,808
17432576,17563647,831
17563648,17694719,906
17694720,17825791,863
17825792,17956863,881
17956864,18087935,846
18087936,18219007,914
18219008,18350079,724
18350080,18481151,710
18481152,18612223,745
18612224,18743295,713
18743296,18874367,684
18874368,19005439,714
19005440,19136511,713
19136512,19267583,690
19267584,19398655,699
19398656,19529727,701
19529728,19660799,751
19660800,19791871,718
19791872,19922943,723
19922944,20054015,773
20054016,20185087,784
20185088,20316159,717
20316160,20447231,753
20447232,20578303,758
20578304,20709375,710
20709376,20840447,704
20840448,20971519,714
20971520,21102591,693
21102592,21233663,684
21233664,21364735,695
21364736,21495807,704
21495808,21626879,683
21626880,21757951,678
21757952,21889023,702
21889024,22020095,645
22020096,22151167,615
22151168,22282239,647
22282240,22413311,620
22413312,22544383,572
22544384,22675455,605
22675456,22806527,610
22806528,22937599,635
22937600,23068671,615
23068672,23199743,585
23199744,23330815,572
23330816,23461887,582
23461888,23592959,561
23592960,23724031,574
23724032,23855103,557
23855104,23986175,547
23986176,24117247,551
24117248,24248319,537
24248320,24379391,556
24379392,24510463,560
24510464,24641535,522
24641536,24772607,473
24772608,24903679,498
24903680,25034751,553
25034752,25165823,519
25165824,25296895,435
25296896,25427967,508
25427968,25559039,489
25559040,25690111,531
25690112,25821183,489
25821184,25952255,471
25952256,26083327,493
26083328,26214399,431
26214400,26345471,513
26345472,26476543,429
26476544,26607615,472
26607616,26738687,474
26738688,26869759,434
26869760,27000831,445
27000832,27131903,443
27131904,27262975,446
27262976,27394047,392
27394048,27525119,425
27525120,27656191,460
27656192,27787263,453
27787264,27918335,411
27918336,28049407,445
28049408,28180479,434
28180480,28311551,410
28311552,28442623,423
28442624,28573695,478
28573696,28704767,428
28704768,28835839,389
28835840,28966911,446
28966912,29097983,407
29097984,29229055,495
29229056,29360127,517
29360128,29491199,456
29491200,29622271,503
29622272,29753343,516
29753344,29884415,553
29884416,30015487,582
30015488,30146559,635
30146560,30277631,624
30277632,30408703,644
30408704,30539775,583
30539776,30670847,523
30670848,30801919,506
30801920,30932991,518
30932992,31064063,486
31064064,31195135,451
31195136,31326207,429
31326208,31457279,411
31457280,31588351,413
31588352,31719423,381
31719424,31850495,380
31850496,31981567,385
31981568,32112639,426
32112640,32243711,390
32243712,32374783,402
32374784,32505855,358
32505856,32636927,385
32636928,32767999,373
32768000,32899071,389
32899072,33030143,345
33030144,33161215,313
33161216,33292287,304
33292288,33423359,410
33423360,33554431,400
33554432,33816575,680
33816576,34078719,678
34078720,34340863,745
34340864,34603007,709
34603008,34865151,673
34865152,35127295,643
35127296,35389439,666
35389440,35651583,676
35651584,35913727,678
35913728,36175871,673
36175872,36438015,627
36438016,36700159,648
36700160,36962303,619
36962304,37224447,615
37224448,37486591,623
37486592,37748735,622
37748736,38010879,660
38010880,38273023,665
38273024,38535167,621
38535168,38797311,606
38797312,39059455,589
39059456,39321599,595
39321600,39583743,575
39583744,39845887,581
39845888,40108031,676
40108032,40370175,515
40370176,40632319,615
40632320,40894463,550
40894464,41156607,602
41156608,41418751,620
41418752,41680895,603
41680896,41943039,532
41943040,42205183,548
42205184,42467327,556
42467328,42729471,571
42729472,42991615,571
42991616,43253759,618
43253760,43515903,524
43515904,43778047,539
43778048,44040191,645
44040192,44302335,571
44302336,44564479,597
44564480,44826623,533
44826624,45088767,570
45088768,45350911,550
45350912,45613055,611
45613056,45875199,620
45875200,46137343,653
46137344,46399487,568
46399488,46661631,555
46661632,46923775,555
46923776,47185919,518
47185920,47448063,561
47448064,47710207,565
47710208,47972351,514
47972352,48234495,596
48234496,48496639,555
48496640,48758783,569
48758784,49020927,613
49020928,49283071,547
49283072,49545215,597
49545216,49807359,558
49807360,50069503,626
50069504,50331647,630
50331648,50593791,633
50593792,50855935,607
50855936,51118079,570
51118080,51380223,584
51380224,51642367,553
51642368,51904511,560
51904512,52166655,522
52166656,52428799,591
52428800,52690943,521
52690944,52953087,568
52953088,53215231,530
53215232,53477375,524
53477376,53739519,499
53739520,54001663,504
54001664,54263807,423
54263808,54525951,475
54525952,54788095,489
54788096,55050239,497
55050240,55312383,512
55312384,55574527,463
55574528,55836671,429
55836672,56098815,443
56098816,56360959,494
56360960,56623103,428
56623104,56885247,454
56885248,57147391,462
57147392,57409535,440
57409536,57671679,450
57671680,57933823,406
57933824,58195967,459
58195968,58458111,465
58458112,58720255,445
58720256,58982399,445
58982400,59244543,453
59244544,59506687,442
59506688,59768831,449
59768832,60030975,443
60030976,60293119,490
60293120,60555263,417
60555264,60817407,519
60817408,61079551,436
61079552,61341695,408
61341696,61603839,409
61603840,61865983,420
61865984,62128127,411
62128128,62390271,448
62390272,62652415,374
62652416,62914559,406
62914560,63176703,400
63176704,63438847,398
63438848,63700991,409
63700992,63963135,414
63963136,64225279,403
64225280,64487423,438
64487424,64749567,404
64749568,65011711,373
65011712,65273855,401
65273856,65535999,421
65536000,65798143,411
65798144,66060287,355
66060288,66322431,394
66322432,66584575,388
66584576,66846719,371
66846720,67108863,353
67108864,67633151,837
67633152,68157439,786
68157440,68681727,784
68681728,69206015,743
69206016,69730303,755
69730304,70254591,775
70254592,70778879,839
70778880,71303167,862
71303168,71827455,838
71827456,72351743,817
72351744,72876031,739
72876032,73400319,795
73400320,73924607,782
73924608,74448895,794
74448896,74973183,764
74973184,75497471,759
75497472,76021759,727
76021760,76546047,677
76546048,77070335,782
77070336,77594623,698
77594624,78118911,741
78118912,78643199,744
78643200,79167487,702
79167488,79691775,737
79691776,80216063,697
80216064,80740351,687
80740352,81264639,668
81264640,81788927,750
81788928,82313215,717
82313216,82837503,743
82837504,83361791,667
83361792,83886079,717
83886080,84410367,680
84410368,84934655,752
84934656,85458943,659
85458944,85983231,778
85983232,86507519,748
86507520,87031807,722
87031808,87556095,730
87556096,88080383,780
88080384,88604671,743
88604672,89128959,724
89128960,89653247,813
89653248,90177535,759
90177536,90701823,763
90701824,91226111,710
91226112,91750399,687
91750400,92274687,726
92274688,92798975,840
92798976,93323263,757
93323264,93847551,723
93847552,94371839,690
94371840,94896127,747
94896128,95420415,797
95420416,95944703,716
95944704,96468991,831
96468992,96993279,775
96993280,97517567,759
97517568,98041855,807
98041856,98566143,785
98566144,99090431,774
99090432,99614719,809
99614720,100139007,940
100139008,100663295,1050
100663296,101187583,1040
101187584,101711871,987
101711872,102236159,924
102236160,102760447,821
102760448,103284735,797
103284736,103809023,807
103809024,104333311,782
104333312,104857599,745
104857600,105381887,680
105381888,105906175,666
105906176,106430463,682
106430464,106954751,697
106954752,107479039,673
107479040,108003327,681
108003328,108527615,654
108527616,109051903,627
109051904,109576191,629
109576192,110100479,701
110100480,110624767,713
110624768,111149055,659
111149056,111673343,665
111673344,112197631,671
112197632,112721919,642
112721920,113246207,659
113246208,113770495,584
113770496,114294783,604
114294784,114819071,596
114819072,115343359,606
115343360,115867647,667
115867648,116391935,606
116391936,116916223,683
116916224,117440511,609
117440512,117964799,601
117964800,118489087,654
118489088,119013375,623
119013376,119537663,583
119537664,120061951,642
120061952,120586239,599
120586240,121110527,562
121110528,121634815,591
121634816,122159103,569
122159104,122683391,618
122683392,123207679,588
123207680,123731967,560
123731968,124256255,528
124256256,124780543,547
124780544,125304831,522
125304832,125829119,532
125829120,126353407,538
126353408,126877695,533
126877696,127401983,534
127401984,127926271,582
127926272,128450559,508
128450560,128974847,525
128974848,129499135,534
129499136,130023423,536
130023424,130547711,474
130547712,131071999,526
131072000,131596287,512
131596288,132120575,510
132120576,132644863,478
132644864,133169151,491
133169152,133693439,514
133693440,134217727,481
134217728,135266303,1005
135266304,136314879,983
136314880,137363455,980
137363456,138412031,926
138412032,139460607,930
139460608,140509183,930
140509184,141557759,974
141557760,142606335,929
142606336,143654911,931
143654912,144703487,935
144703488,145752063,991
145752064,146800639,972
146800640,147849215,1011
147849216,148897791,919
148897792,149946367,857
149946368,150994943,853
150994944,152043519,909
152043520,153092095,861
153092096,154140671,926
154140672,155189247,870
155189248,156237823,882
156237824,157286399,830
157286400,158334975,851
158334976,159383551,866
159383552,160432127,822
160432128,161480703,831
161480704,162529279,851
162529280,163577855,866
163577856,164626431,797
164626432,165675007,770
165675008,166723583,823
166723584,167772159,848
167772160,168820735,800
168820736,169869311,780
169869312,170917887,818
170917888,171966463,809
171966464,173015039,810
173015040,174063615,820
174063616,175112191,856
175112192,176160767,777
176160768,177209343,773
177209344,178257919,789
178257920,179306495,761
179306496,180355071,787
180355072,181403647,830
181403648,182452223,802
182452224,183500799,813
183500800,184549375,828
184549376,185597951,791
185597952,186646527,827
186646528,187695103,725
187695104,188743679,839
188743680,189792255,759
189792256,190840831,809
190840832,191889407,797
191889408,192937983,794
192937984,193986559,715
193986560,195035135,771
195035136,196083711,825
196083712,197132287,817
197132288,198180863,746
198180864,199229439,858
199229440,200278015,903
200278016,201326591,1259
201326592,202375167,1073
202375168,203423743,906
203423744,204472319,853
204472320,205520895,761
205520896,206569471,782
206569472,207618047,770
207618048,208666623,799
208666624,209715199,729
209715200,210763775,688
210763776,211812351,757
211812352,212860927,752
212860928,213909503,689
213909504,214958079,713
214958080,216006655,724
216006656,217055231,787
217055232,218103807,775
218103808,219152383,750
219152384,220200959,751
220200960,221249535,746
221249536,222298111,804
222298112,223346687,726
223346688,224395263,699
224395264,225443839,671
225443840,226492415,676
226492416,227540991,679
227540992,228589567,756
228589568,229638143,721
229638144,230686719,712
230686720,231735295,665
231735296,232783871,648
232783872,233832447,691
233832448,234881023,703
234881024,235929599,728
235929600,236978175,705
236978176,238026751,675
238026752,239075327,616
239075328,240123903,632
240123904,241172479,732
241172480,242221055,665
242221056,243269631,692
243269632,244318207,729
244318208,245366783,658
245366784,246415359,696
246415360,247463935,617
247463936,248512511,665
248512512,249561087,707
249561088,250609663,823
250609664,251658239,750
251658240,252706815,700
252706816,253755391,728
253755392,254803967,648
254803968,255852543,673
255852544,256901119,653
256901120,257949695,650
257949696,258998271,714
258998272,260046847,642
260046848,261095423,645
261095424,262143999,632
262144000,263192575,641
263192576,264241151,667
264241152,265289727,668
265289728,266338303,629
266338304,267386879,681
267386880,268435455,607
268435456,270532607,1233
270532608,272629759,1278
272629760,274726911,1315
274726912,276824063,1252
276824064,278921215,1256
278921216,281018367,1310
281018368,283115519,1289
283115520,285212671,1253
285212672,287309823,1222
287309824,289406975,1244
289406976,291504127,1280
291504128,293601279,1316
293601280,295698431,1248
295698432,297795583,1286
297795584,299892735,1318
299892736,301989887,1497
301989888,304087039,1289
304087040,306184191,1308
306184192,308281343,1179
308281344,310378495,1269
310378496,312475647,1181
312475648,314572799,1143
314572800,316669951,1230
316669952,318767103,1196
318767104,320864255,1207
320864256,322961407,1145
322961408,325058559,1167
325058560,327155711,1232
327155712,329252863,1174
329252864,331350015,1211
331350016,333447167,1115
333447168,335544319,1124
335544320,337641471,1129
337641472,339738623,1071
339738624,341835775,1173
341835776,343932927,1191
343932928,346030079,1191
346030080,348127231,1219
348127232,350224383,1120
350224384,352321535,1100
352321536,354418687,1161
354418688,356515839,1122
356515840,358612991,1113
358612992,360710143,1164
360710144,362807295,1156
362807296,364904447,1148
364904448,367001599,1128
367001600,369098751,1162
369098752,371195903,1162
371195904,373293055,1196
373293056,375390207,1058
375390208,377487359,1137
377487360,379584511,1142
379584512,381681663,1163
381681664,383778815,1115
383778816,385875967,1100
385875968,387973119,1105
387973120,390070271,1074
390070272,392167423,1200
392167424,394264575,1116
394264576,396361727,1112
396361728,398458879,1225
398458880,400556031,1136
400556032,402653183,1193
402653184,404750335,1186
404750336,406847487,1193
406847488,408944639,1159
408944640,411041791,1093
411041792,413138943,1126
413138944,415236095,1156
415236096,417333247,1146
417333248,419430399,1096
419430400,421527551,1072
421527552,423624703,1098
423624704,425721855,1122
425721856,427819007,1122
427819008,429916159,1155
429916160,432013311,1069
432013312,434110463,1068
434110464,436207615,1071
436207616,438304767,1105
438304768,440401919,1076
440401920,442499071,1009
442499072,444596223,1026
444596224,446693375,1095
446693376,448790527,1069
448790528,450887679,1122
450887680,452984831,1102
452984832,455081983,1080
455081984,457179135,1140
457179136,459276287,1081
459276288,461373439,996
461373440,463470591,1067
463470592,465567743,1100
465567744,467664895,1039
467664896,469762047,1043
469762048,471859199,1129
471859200,473956351,1060
473956352,476053503,1123
476053504,478150655,1026
478150656,480247807,1067
480247808,482344959,1067
482344960,484442111,1020
484442112,486539263,1080
486539264,488636415,999
488636416,490733567,1075
490733568,492830719,1192
492830720,494927871,1171
494927872,497025023,1265
497025024,499122175,1493
499122176,501219327,1909
501219328,503316479,1669
503316480,505413631,1258
505413632,507510783,1165
507510784,509607935,1149
509607936,511705087,1103
511705088,513802239,1130
513802240,515899391,994
515899392,517996543,1036
517996544,520093695,1044
520093696,522190847,1063
522190848,524287999,1149
524288000,526385151,1047
526385152,528482303,1114
528482304,530579455,1042
530579456,532676607,1001
532676608,534773759,1054
534773760,536870911,1065
536870912,541065215,2055
541065216,545259519,2072
545259520,549453823,2096
549453824,553648127,1959
553648128,557842431,1996
557842432,562036735,2030
562036736,566231039,1936
566231040,570425343,1972
570425344,574619647,1923
574619648,578813951,1906
578813952,583008255,1948
583008256,587202559,1928
587202560,591396863,1994
591396864,595591167,1905
595591168,599785471,1926
599785472,603979775,1861
603979776,608174079,1966
608174080,612368383,1850
612368384,616562687,1897
616562688,620756991,1799
620756992,624951295,1974
624951296,629145599,1820
629145600,633339903,1868
633339904,637534207,1834
637534208,641728511,1802
641728512,645922815,1805
645922816,650117119,1859
650117120,654311423,1920
654311424,658505727,1846
658505728,662700031,1794
662700032,666894335,1885
666894336,671088639,1767
671088640,675282943,1844
675282944,679477247,1714
679477248,683671551,1841
683671552,687865855,1708
687865856,692060159,1789
692060160,696254463,1765
696254464,700448767,1771
700448768,704643071,1748
704643072,708837375,1758
708837376,713031679,1774
713031680,717225983,1823
717225984,721420287,1750
721420288,725614591,1726
725614592,729808895,1708
729808896,734003199,1700
734003200,738197503,1683
738197504,742391807,1690
742391808,746586111,1732
746586112,750780415,1763
750780416,754974719,1880
754974720,759169023,1847
759169024,763363327,1851
763363328,767557631,1798
767557632,771751935,1797
771751936,775946239,1747
775946240,780140543,1763
780140544,784334847,1746
784334848,788529151,1695
788529152,792723455,1620
792723456,796917759,1705
796917760,801112063,1729
801112064,805306367,1741
805306368,809500671,1714
809500672,813694975,1775
813694976,817889279,1651
817889280,822083583,1725
822083584,826277887,1680
826277888,830472191,1737
830472192,834666495,1693
834666496,838860799,1631
838860800,843055103,1691
843055104,847249407,1604
847249408,851443711,1687
851443712,855638015,1687
855638016,859832319,1721
859832320,864026623,1618
864026624,868220927,1794
868220928,872415231,1689
872415232,876609535,1683
876609536,880803839,1701
880803840,884998143,1673
884998144,889192447,1738
889192448,893386751,1692
893386752,897581055,1657
897581056,901775359,1745
901775360,905969663,1697
905969664,910163967,1703
910163968,914358271,1686
914358272,918552575,1581
918552576,922746879,1669
922746880,926941183,1614
926941184,931135487,1701
931135488,935329791,1684
935329792,939524095,1643
939524096,943718399,1586
943718400,947912703,1617
947912704,952107007,1523
952107008,956301311,1583
956301312,960495615,1624
960495616,964689919,1622
964689920,968884223,1756
968884224,973078527,1701
973078528,977272831,1723
977272832,981467135,1643
981467136,985661439,1804
985661440,989855743,1784
989855744,994050047,2004
994050048,998244351,2516
998244352,1002438655,6367
1002438656,1006632959,2351
1006632960,1010827263,1885
1010827264,1015021567,1793
1015021568,1019215871,1705
1019215872,1023410175,1769
1023410176,1027604479,1730
1027604480,1031798783,1654
1031798784,1035993087,1607
1035993088,1040187391,1551
1040187392,1044381695,1571
1044381696,1048575999,1578
1048576000,1052770303,1608
1052770304,1056964607,1683
1056964608,1061158911,1533
1061158912,1065353215,1451
1065353216,1069547519,1475
1069547520,1073741823,1589
1073741824,1082130431,3002
1082130432,1090519039,2925
1090519040,1098907647,2956
1098907648,1107296255,3074
1107296256,1115684863,2994
1115684864,1124073471,3003
1124073472,1132462079,2914
1132462080,1140850687,2848
1140850688,1149239295,2906
1149239296,1157627903,2907
1157627904,1166016511,2960
1166016512,1174405119,2726
1174405120,1182793727,2789
1182793728,1191182335,2813
1191182336,1199570943,2819
1199570944,1207959551,2686
1207959552,1216348159,2750
1216348160,1224736767,2678
1224736768,1233125375,2718
1233125376,1241513983,2708
1241513984,1249902591,2701
1249902592,1258291199,2735
1258291200,1266679807,2644
1266679808,1275068415,2704
1275068416,1283457023,2679
1283457024,1291845631,2745
1291845632,1300234239,2695
1300234240,1308622847,2745
1308622848,1317011455,2643
1317011456,1325400063,2615
1325400064,1333788671,2650
1333788672,1342177279,2625
1342177280,1350565887,2586
1350565888,1358954495,2586
1358954496,1367343103,2556
1367343104,1375731711,2643
1375731712,1384120319,2484
1384120320,1392508927,2487
1392508928,1400897535,2564
1400897536,1409286143,2505
1409286144,1417674751,2474
1417674752,1426063359,2348
1426063360,1434451967,2474
1434451968,1442840575,2390
1442840576,1451229183,2374
1451229184,1459617791,2404
1459617792,1468006399,2345
1468006400,1476395007,2427
1476395008,1484783615,2279
1484783616,1493172223,2347
1493172224,1501560831,2634
1501560832,1509949439,2760
1509949440,1518338047,2442
1518338048,1526726655,2238
1526726656,1535115263,2419
1535115264,1543503871,2211
1543503872,1551892479,2246
1551892480,1560281087,2296
1560281088,1568669695,2285
1568669696,1577058303,2282
1577058304,1585446911,2330
1585446912,1593835519,2244
1593835520,1602224127,2265
1602224128,1610612735,2253
1610612736,1619001343,2200
1619001344,1627389951,2219
1627389952,1635778559,2270
1635778560,1644167167,2130
1644167168,1652555775,2211
1652555776,1660944383,2118
1660944384,1669332991,2235
1669332992,1677721599,2092
1677721600,1686110207,2172
1686110208,1694498815,2225
1694498816,1702887423,2322
1702887424,1711276031,2201
1711276032,1719664639,2152
1719664640,1728053247,2193
1728053248,1736441855,2192
1736441856,1744830463,2230
1744830464,1753219071,2116
1753219072,1761607679,2138
1761607680,1769996287,2135
1769996288,1778384895,2143
1778384896,1786773503,2193
1786773504,1795162111,2124
1795162112,1803550719,2114
1803550720,1811939327,2049
1811939328,1820327935,2165
1820327936,1828716543,2093
1828716544,1837105151,2143
1837105152,1845493759,2070
1845493760,1853882367,2122
1853882368,1862270975,2115
1862270976,1870659583,2164
1870659584,1879048191,1962
1879048192,1887436799,2101
1887436800,1895825407,2075
1895825408,1904214015,2156
1904214016,1912602623,2127
1912602624,1920991231,2071
1920991232,1929379839,2125
1929379840,1937768447,2054
1937768448,1946157055,1979
1946157056,1954545663,2082
1954545664,1962934271,2122
1962934272,1971322879,2157
1971322880,1979711487,2194
1979711488,1988100095,2115
1988100096,1996488703,2191
1996488704,2004877311,2727
2004877312,2013265919,2367
2013265920,2021654527,2243
2021654528,2030043135,2158
2030043136,2038431743,2128
2038431744,2046820351,2016
2046820352,2055208959,1960
2055208960,2063597567,1983
2063597568,2071986175,2027
2071986176,2080374783,1926
2080374784,2088763391,1988
2088763392,2097151999,2016
2097152000,2105540607,2059
2105540608,2113929215,2058
2113929216,2122317823,1919
2122317824,2130706431,2016
2130706432,2139095039,1817
2139095040,2147483647,1944
2147483648,2164260863,3956
2164260864,2181038079,3885
2181038080,2197815295,3963
2197815296,2214592511,3943
2214592512,2231369727,3789
2231369728,2248146943,3850
2248146944,2264924159,3849
2264924160,2281701375,3846
2281701376,2298478591,3822
2298478592,2315255807,3677
2315255808,2332033023,3712
2332033024,2348810239,3722
2348810240,2365587455,3843
2365587456,2382364671,3714
2382364672,2399141887,3671
2399141888,2415919103,3674
2415919104,2432696319,3601
2432696320,2449473535,3575
2449473536,2466250751,3591
2466250752,2483027967,3588
2483027968,2499805183,3557
2499805184,2516582399,3643
2516582400,2533359615,3530
2533359616,2550136831,3560
2550136832,2566914047,3512
2566914048,2583691263,3543
2583691264,2600468479,3387
2600468480,2617245695,3370
2617245696,2634022911,3382
2634022912,2650800127,3464
2650800128,2667577343,3374
2667577344,2684354559,3457
2684354560,2701131775,3386
2701131776,2717908991,3415
2717908992,2734686207,3340
2734686208,2751463423,3475
2751463424,2768240639,3347
2768240640,2785017855,3341
2785017856,2801795071,3329
2801795072,2818572287,3359
2818572288,2835349503,3315
2835349504,2852126719,3379
2852126720,2868903935,3207
2868903936,2885681151,3295
2885681152,2902458367,3273
2902458368,2919235583,3303
2919235584,2936012799,3371
2936012800,2952790015,3336
2952790016,2969567231,3274
2969567232,2986344447,3436
2986344448,3003121663,3908
3003121664,3019898879,3569
3019898880,3036676095,3485
3036676096,3053453311,3372
3053453312,3070230527,3104
3070230528,3087007743,3178
3087007744,3103784959,3299
3103784960,3120562175,3252
3120562176,3137339391,3195
3137339392,3154116607,3037
3154116608,3170893823,3107
3170893824,3187671039,3052
3187671040,3204448255,3089
3204448256,3221225471,3124
3221225472,3238002687,3126
3238002688,3254779903,3072
3254779904,3271557119,3082
3271557120,3288334335,3103
3288334336,3305111551,3181
3305111552,3321888767,2974
3321888768,3338665983,3130
3338665984,3355443199,3013
3355443200,3372220415,3071
3372220416,3388997631,2925
3388997632,3405774847,3070
3405774848,3422552063,2924
3422552064,3439329279,2921
3439329280,3456106495,2944
3456106496,3472883711,2973
3472883712,3489660927,2903
3489660928,3506438143,3017
3506438144,3523215359,2842
3523215360,3539992575,3020
3539992576,3556769791,2991
3556769792,3573547007,2854
3573547008,3590324223,2901
3590324224,3607101439,2798
3607101440,3623878655,2867
3623878656,3640655871,2920
3640655872,3657433087,2851
3657433088,3674210303,2833
3674210304,3690987519,2741
3690987520,3707764735,2941
3707764736,3724541951,2893
3724541952,3741319167,2860
3741319168,3758096383,2844
3758096384,3774873599,2872
3774873600,3791650815,2960
3791650816,3808428031,2823
3808428032,3825205247,2798
3825205248,3841982463,2825
3841982464,3858759679,2682
3858759680,3875536895,2791
3875536896,3892314111,2900
3892314112,3909091327,2807
3909091328,3925868543,2819
3925868544,3942645759,2834
3942645760,3959422975,2806
3959422976,3976200191,2842
3976200192,3992977407,2916
3992977408,4009754623,2927
4009754624,4026531839,2846
4026531840,4043309055,2770
4043309056,4060086271,2675
4060086272,4076863487,2783
4076863488,4093640703,2726
4093640704,4110417919,2753
4110417920,4127195135,2706
4127195136,4143972351,2737
4143972352,4160749567,2796
4160749568,4177526783,2553
4177526784,4194303999,2733
4194304000,4211081215,2655
4211081216,4227858431,2605
4227858432,4244635647,2662
4244635648,4261412863,2714
4261412864,4278190079,2523
4278190080,4294967295,2647
4294967296,4328521727,5196
4328521728,4362076159,5264
4362076160,4395630591,5177
4395630592,4429185023,5202
4429185024,4462739455,5205
4462739456,4496293887,5225
4496293888,4529848319,5012
4529848320,4563402751,4991
4563402752,4596957183,4994
4596957184,4630511615,5080
4630511616,4664066047,4901
4664066048,4697620479,4965
4697620480,4731174911,4966
4731174912,4764729343,4843
4764729344,4798283775,4935
4798283776,4831838207,4910
4831838208,4865392639,4832
4865392640,4898947071,4856
4898947072,4932501503,4878
4932501504,4966055935,4822
4966055936,4999610367,5359
4999610368,5033164799,5519
5033164800,5066719231,5012
5066719232,5100273663,4688
5100273664,5133828095,4684
5133828096,5167382527,4688
5167382528,5200936959,4751
5200936960,5234491391,4678
5234491392,5268045823,4713
5268045824,5301600255,4529
5301600256,5335154687,4578
5335154688,5368709119,4453
5368709120,5402263551,4594
5402263552,5435817983,4399
5435817984,5469372415,4368
5469372416,5502926847,4450
5502926848,5536481279,4526
5536481280,5570035711,4276
5570035712,5603590143,4228
5603590144,5637144575,4363
5637144576,5670699007,4275
5670699008,5704253439,4220
5704253440,5737807871,4402
5737807872,5771362303,4263
5771362304,5804916735,4149
5804916736,5838471167,4210
5838471168,5872025599,4186
5872025600,5905580031,4363
5905580032,5939134463,4156
5939134464,5972688895,4255
5972688896,6006243327,4497
6006243328,6039797759,4370
6039797760,6073352191,4236
6073352192,6106906623,4124
6106906624,6140461055,3935
6140461056,6174015487,4160
6174015488,6207569919,4079
6207569920,6241124351,4168
6241124352,6274678783,4084
6274678784,6308233215,3991
6308233216,6341787647,3958
6341787648,6375342079,3941
6375342080,6408896511,4063
6408896512,6442450943,3954
6442450944,6476005375,3841
6476005376,6509559807,4008
6509559808,6543114239,3946
6543114240,6576668671,3936
6576668672,6610223103,3912
6610223104,6643777535,3816
6643777536,6677331967,3864
6677331968,6710886399,3785
6710886400,6744440831,3830
6744440832,6777995263,3781
6777995264,6811549695,3723
6811549696,6845104127,3806
6845104128,6878658559,3768
6878658560,6912212991,3813
6912212992,6945767423,3719
6945767424,6979321855,3736
6979321856,7012876287,3855
7012876288,7046430719,3967
7046430720,7079985151,3648
7079985152,7113539583,3609
7113539584,7147094015,3565
7147094016,7180648447,3750
7180648448,7214202879,3722
7214202880,7247757311,3534
7247757312,7281311743,3593
7281311744,7314866175,3539
7314866176,7348420607,3561
7348420608,7381975039,3495
7381975040,7415529471,3629
7415529472,7449083903,3598
7449083904,7482638335,3548
7482638336,7516192767,3477
7516192768,7549747199,3493
7549747200,7583301631,3512
7583301632,7616856063,3484
7616856064,7650410495,3388
7650410496,7683964927,3343
7683964928,7717519359,3422
7717519360,7751073791,3414
7751073792,7784628223,3437
7784628224,7818182655,3496
7818182656,7851737087,3331
7851737088,7885291519,3339
7885291520,7918845951,3409
7918845952,7952400383,3380
7952400384,7985954815,3453
7985954816,8019509247,3542
8019509248,8053063679,3391
8053063680,8086618111,3374
8086618112,8120172543,3359
8120172544,8153726975,3240
8153726976,8187281407,3279
8187281408,8220835839,3319
8220835840,8254390271,3296
8254390272,8287944703,3322
8287944704,8321499135,3178
8321499136,8355053567,3254
8355053568,8388607999,3207
8388608000,8422162431,3218
8422162432,8455716863,3275
8455716864,8489271295,2994
8489271296,8522825727,3246
8522825728,8556380159,3179
8556380160,8589934591,3182
8589934592,8657043455,6433
8657043456,8724152319,6257
8724152320,8791261183,6197
8791261184,8858370047,6161
8858370048,8925478911,6164
8925478912,8992587775,6385
8992587776,9059696639,6325
9059696640,9126805503,6181
9126805504,9193914367,6176
9193914368,9261023231,5979
9261023232,9328132095,6108
9328132096,9395240959,5964
9395240960,9462349823,5946
9462349824,9529458687,5998
9529458688,9596567551,5969
9596567552,9663676415,5708
9663676416,9730785279,5759
9730785280,9797894143,5824
9797894144,9865003007,5857
9865003008,9932111871,5882
9932111872,9999220735,5951
9999220736,10066329599,6257
10066329600,10133438463,5732
10133438464,10200547327,5365
10200547328,10267656191,5642
10267656192,10334765055,5383
10334765056,10401873919,5349
10401873920,10468982783,5430
10468982784,10536091647,5468
10536091648,10603200511,5366
10603200512,10670309375,5335
10670309376,10737418239,5423
10737418240,10804527103,5278
10804527104,10871635967,5252
10871635968,10938744831,5420
10938744832,11005853695,5286
11005853696,11072962559,5332
11072962560,11140071423,5152
11140071424,11207180287,5026
11207180288,11274289151,5223
11274289152,11341398015,4992
11341398016,11408506879,4864
11408506880,11475615743,4882
11475615744,11542724607,5168
11542724608,11609833471,4961
11609833472,11676942335,4814
11676942336,11744051199,4798
11744051200,11811160063,4915
11811160064,11878268927,4910
11878268928,11945377791,4989
11945377792,12012486655,4824
12012486656,12079595519,4924
12079595520,12146704383,4720
12146704384,12213813247,4590
12213813248,12280922111,4609
12280922112,12348030975,4568
12348030976,12415139839,4638
12415139840,12482248703,4545
12482248704,12549357567,4512
12549357568,12616466431,4642
12616466432,12683575295,4402
12683575296,12750684159,4608
12750684160,12817793023,4602
12817793024,12884901887,4534
12884901888,12952010751,4545
12952010752,13019119615,4581
13019119616,13086228479,4310
13086228480,13153337343,4488
13153337344,13220446207,4464
13220446208,13287555071,4357
13287555072,13354663935,4267
13354663936,13421772799,4273
13421772800,13488881663,4410
13488881664,13555990527,4391
13555990528,13623099391,4110
13623099392,13690208255,4267
13690208256,13757317119,4165
13757317120,13824425983,4274
13824425984,13891534847,4214
13891534848,13958643711,4189
13958643712,14025752575,4432
14025752576,14092861439,4173
14092861440,14159970303,4161
14159970304,14227079167,4091
14227079168,14294188031,4072
14294188032,14361296895,4165
14361296896,14428405759,3948
14428405760,14495514623,3941
14495514624,14562623487,4060
14562623488,14629732351,3818
14629732352,14696841215,3942
14696841216,14763950079,3957
14763950080,14831058943,3931
14831058944,14898167807,3983
14898167808,14965276671,4056
14965276672,15032385535,4107
15032385536,15099494399,3921
15099494400,15166603263,3807
15166603264,15233712127,3861
15233712128,15300820991,3855
15300820992,15367929855,3775
15367929856,15435038719,3834
15435038720,15502147583,3824
15502147584,15569256447,3657
15569256448,15636365311,3872
15636365312,15703474175,3649
15703474176,15770583039,3734
15770583040,15837691903,3650
15837691904,15904800767,3657
15904800768,15971909631,3789
15971909632,16039018495,3882
16039018496,16106127359,3657
16106127360,16173236223,3584
16173236224,16240345087,3530
16240345088,16307453951,3583
16307453952,16374562815,3401
16374562816,16441671679,3682
16441671680,16508780543,3523
16508780544,16575889407,3510
16575889408,16642998271,3567
16642998272,16710107135,3489
16710107136,16777215999,3431
16777216000,16844324863,3470
16844324864,16911433727,3411
16911433728,16978542591,3551
16978542592,17045651455,3556
17045651456,17112760319,3428
17112760320,17179869183,3353
17179869184,17314086911,6825
17314086912,17448304639,6810
17448304640,17582522367,6639
17582522368,17716740095,6675
17716740096,17850957823,6601
17850957824,17985175551,6410
17985175552,18119393279,6614
18119393280,18253611007,6370
18253611008,18387828735,6343
18387828736,18522046463,6578
18522046464,18656264191,6277
18656264192,18790481919,6285
18790481920,18924699647,6237
18924699648,19058917375,6303
19058917376,19193135103,6112
19193135104,19327352831,6016
19327352832,19461570559,6161
19461570560,19595788287,5966
19595788288,19730006015,5948
19730006016,19864223743,5865
19864223744,19998441471,6100
19998441472,20132659199,5945
20132659200,20266876927,5739
20266876928,20401094655,5682
20401094656,20535312383,5606
20535312384,20669530111,5646
20669530112,20803747839,5756
20803747840,20937965567,5355
20937965568,21072183295,5595
21072183296,21206401023,5658
21206401024,21340618751,5435
21340618752,21474836479,5250
21474836480,21609054207,5322
21609054208,21743271935,5234
21743271936,21877489663,5306
21877489664,22011707391,5269
22011707392,22145925119,5333
22145925120,22280142847,5098
22280142848,22414360575,5184
22414360576,22548578303,5091
22548578304,22682796031,5186
22682796032,22817013759,5211
22817013760,22951231487,4950
22951231488,23085449215,5144
23085449216,23219666943,5085
23219666944,23353884671,4868
23353884672,23488102399,4944
23488102400,23622320127,4860
23622320128,23756537855,4878
23756537856,23890755583,4764
23890755584,24024973311,5087
24024973312,24159191039,4794
24159191040,24293408767,4773
24293408768,24427626495,4703
24427626496,24561844223,4649
24561844224,24696061951,4650
24696061952,24830279679,4599
24830279680,24964497407,4744
24964497408,25098715135,4804
25098715136,25232932863,4621
25232932864,25367150591,4359
25367150592,25501368319,4500
25501368320,25635586047,4483
25635586048,25769803775,4430
25769803776,25904021503,4505
25904021504,26038239231,4388
26038239232,26172456959,4431
26172456960,26306674687,4463
26306674688,26440892415,4334
26440892416,26575110143,4336
26575110144,26709327871,4280
26709327872,26843545599,4506
26843545600,26977763327,4199
26977763328,27111981055,4444
27111981056,27246198783,4207
27246198784,27380416511,4172
27380416512,27514634239,4228
27514634240,27648851967,4103
27648851968,27783069695,4145
27783069696,27917287423,4126
27917287424,28051505151,4118
28051505152,28185722879,3917
28185722880,28319940607,4020
28319940608,28454158335,4057
28454158336,28588376063,3938
28588376064,28722593791,3906
28722593792,28856811519,3858
28856811520,28991029247,3981
28991029248,29125246975,3955
29125246976,29259464703,3810
29259464704,29393682431,3873
29393682432,29527900159,3750
29527900160,29662117887,3669
29662117888,29796335615,3810
29796335616,29930553343,3827
29930553344,30064771071,3897
30064771072,30198988799,3669
30198988800,30333206527,3642
30333206528,30467424255,3618
30467424256,30601641983,3542
30601641984,30735859711,3616
30735859712,30870077439,3696
30870077440,31004295167,3591
31004295168,31138512895,3599
31138512896,31272730623,3441
31272730624,31406948351,3356
31406948352,31541166079,3651
31541166080,31675383807,3517
31675383808,31809601535,3452
31809601536,31943819263,3462
31943819264,32078036991,3548
32078036992,32212254719,3454
32212254720,32346472447,3377
32346472448,32480690175,3267
32480690176,32614907903,3321
32614907904,32749125631,3316
32749125632,32883343359,3267
32883343360,33017561087,3412
33017561088,33151778815,3282
33151778816,33285996543,3150
33285996544,33420214271,3253
33420214272,33554431999,3215
33554432000,33688649727,3198
33688649728,33822867455,3195
33822867456,33957085183,3187
33957085184,34091302911,3261
34091302912,34225520639,3122
34225520640,34359738367,3117
34359738368,34628173823,6156
34628173824,34896609279,6170
34896609280,35165044735,6177
35165044736,35433480191,6124
35433480192,35701915647,6010
35701915648,35970351103,5960
35970351104,36238786559,5855
36238786560,36507222015,5680
36507222016,36775657471,5760
36775657472,37044092927,5902
37044092928,37312528383,5871
37312528384,37580963839,5490
37580963840,37849399295,5371
37849399296,38117834751,5558
38117834752,38386270207,5335
38386270208,38654705663,5337
38654705664,38923141119,5396
38923141120,39191576575,5424
39191576576,39460012031,5216
39460012032,39728447487,5184
39728447488,39996882943,5260
39996882944,40265318399,5244
40265318400,40533753855,5038
40533753856,40802189311,5114
40802189312,41070624767,5121
41070624768,41339060223,4896
41339060224,41607495679,4845
41607495680,41875931135,4824
41875931136,42144366591,4834
42144366592,42412802047,4722
42412802048,42681237503,4798
42681237504,42949672959,4696
42949672960,43218108415,4785
43218108416,43486543871,4670
43486543872,43754979327,4641
43754979328,44023414783,4658
44023414784,44291850239,4539
44291850240,44560285695,4465
44560285696,44828721151,4457
44828721152,45097156607,4521
45097156608,45365592063,4355
45365592064,45634027519,4358
45634027520,45902462975,4371
45902462976,46170898431,4342
46170898432,46439333887,4263
46439333888,46707769343,4067
46707769344,46976204799,4039
46976204800,47244640255,4177
47244640256,47513075711,4138
47513075712,47781511167,3949
47781511168,48049946623,3913
48049946624,48318382079,3995
48318382080,48586817535,4008
48586817536,48855252991,3988
48855252992,49123688447,3999
49123688448,49392123903,3965
49392123904,49660559359,3879
49660559360,49928994815,3757
49928994816,50197430271,3995
50197430272,50465865727,3781
50465865728,50734301183,3759
50734301184,51002736639,3794
51002736640,51271172095,3809
51271172096,51539607551,3697
51539607552,51808043007,3615
51808043008,52076478463,3583
52076478464,52344913919,3477
52344913920,52613349375,3638
52613349376,52881784831,3478
52881784832,53150220287,3510
53150220288,53418655743,3434
53418655744,53687091199,3526
53687091200,53955526655,3538
53955526656,54223962111,3472
54223962112,54492397567,3379
54492397568,54760833023,3473
54760833024,55029268479,3550
55029268480,55297703935,3488
55297703936,55566139391,3397
55566139392,55834574847,3327
55834574848,56103010303,3296
56103010304,56371445759,3374
56371445760,56639881215,3304
56639881216,56908316671,3261
56908316672,57176752127,3291
57176752128,57445187583,3235
57445187584,57713623039,3188
57713623040,57982058495,3077
57982058496,58250493951,3255
58250493952,58518929407,3104
58518929408,58787364863,3224
58787364864,59055800319,3206
59055800320,59324235775,3162
59324235776,59592671231,3173
59592671232,59861106687,3117
59861106688,60129542143,3366
60129542144,60397977599,3217
60397977600,60666413055,2951
60666413056,60934848511,2907
60934848512,61203283967,2846
61203283968,61471719423,2795
61471719424,61740154879,2793
61740154880,62008590335,2878
62008590336,62277025791,2785
62277025792,62545461247,2793
62545461248,62813896703,2826
62813896704,63082332159,2851
63082332160,63350767615,2741
63350767616,63619203071,2606
63619203072,63887638527,2647
63887638528,64156073983,2809
64156073984,64424509439,2748
64424509440,64692944895,2621
64692944896,64961380351,2703
64961380352,65229815807,2564
65229815808,65498251263,2575
65498251264,65766686719,2587
65766686720,66035122175,2643
66035122176,66303557631,2612
66303557632,66571993087,2591
66571993088,66840428543,2402
66840428544,67108863999,2544
67108864000,67377299455,2429
67377299456,67645734911,2358
67645734912,67914170367,2376
67914170368,68182605823,2491
68182605824,68451041279,2432
68451041280,68719476735,2390
68719476736,69256347647,4775
69256347648,69793218559,4743
69793218560,70330089471,4754
70330089472,70866960383,4509
70866960384,71403831295,4626
71403831296,71940702207,4497
71940702208,72477573119,4329
72477573120,73014444031,4418
73014444032,73551314943,4358
73551314944,74088185855,4232
74088185856,74625056767,4236
74625056768,75161927679,4265
75161927680,75698798591,4112
75698798592,76235669503,4083
76235669504,76772540415,3908
76772540416,77309411327,4029
77309411328,77846282239,3920
77846282240,78383153151,3995
78383153152,78920024063,3864
78920024064,79456894975,3832
79456894976,79993765887,3949
79993765888,80530636799,3800
80530636800,81067507711,3900
81067507712,81604378623,3806
81604378624,82141249535,3721
82141249536,82678120447,3625
82678120448,83214991359,3640
83214991360,83751862271,3516
83751862272,84288733183,3396
84288733184,84825604095,3577
84825604096,85362475007,3532
85362475008,85899345919,3417
85899345920,86436216831,3366
86436216832,86973087743,3428
86973087744,87509958655,3385
87509958656,88046829567,3402
88046829568,88583700479,3359
88583700480,89120571391,3240
89120571392,89657442303,3356
89657442304,90194313215,3312
90194313216,90731184127,3198
90731184128,91268055039,3145
91268055040,91804925951,3147
91804925952,92341796863,3173
92341796864,92878667775,2992
92878667776,93415538687,3152
93415538688,93952409599,3096
93952409600,94489280511,3102
94489280512,95026151423,2964
95026151424,95563022335,3006
95563022336,96099893247,2897
96099893248,96636764159,2940
96636764160,97173635071,2957
97173635072,97710505983,2874
97710505984,98247376895,2864
98247376896,98784247807,2843
98784247808,99321118719,2863
99321118720,99857989631,2713
99857989632,100394860543,2877
100394860544,100931731455,2563
100931731456,101468602367,2672
101468602368,102005473279,2583
102005473280,102542344191,2617
102542344192,103079215103,2691
103079215104,103616086015,2557
103616086016,104152956927,2588
104152956928,104689827839,2610
104689827840,105226698751,2646
105226698752,105763569663,2531
105763569664,106300440575,2505
106300440576,106837311487,2426
106837311488,107374182399,2516
107374182400,107911053311,2444
107911053312,108447924223,2512
108447924224,108984795135,2436
108984795136,109521666047,2434
109521666048,110058536959,2383
110058536960,110595407871,2468
110595407872,111132278783,2326
111132278784,111669149695,2434
111669149696,112206020607,2390
112206020608,112742891519,2302
112742891520,113279762431,2241
113279762432,113816633343,2287
113816633344,114353504255,2405
114353504256,114890375167,2218
114890375168,115427246079,2285
115427246080,115964116991,2367
115964116992,116500987903,2161
116500987904,117037858815,2106
117037858816,117574729727,2203
117574729728,118111600639,2122
118111600640,118648471551,2179
118648471552,119185342463,2195
119185342464,119722213375,2156
119722213376,120259084287,2273
120259084288,120795955199,2082
120795955200,121332826111,2003
121332826112,121869697023,2113
121869697024,122406567935,1944
122406567936,122943438847,2002
122943438848,123480309759,1971
123480309760,124017180671,1982
124017180672,124554051583,1947
124554051584,125090922495,1927
125090922496,125627793407,1930
125627793408,126164664319,1819
126164664320,126701535231,1879
126701535232,127238406143,1954
127238406144,127775277055,1901
127775277056,128312147967,1875
128312147968,128849018879,1791
128849018880,129385889791,1931
129385889792,129922760703,1842
129922760704,130459631615,1812
130459631616,130996502527,1803
130996502528,131533373439,1749
131533373440,132070244351,1782
132070244352,132607115263,1794
132607115264,133143986175,1871
133143986176,133680857087,1803
133680857088,134217727999,1772
134217728000,134754598911,1757
134754598912,135291469823,1742
135291469824,135828340735,1742
135828340736,136365211647,1747
136365211648,136902082559,1580
136902082560,137438953471,1605
137438953472,138512695295,3287
138512695296,139586437119,3291
139586437120,140660178943,3198
140660178944,141733920767,3226
141733920768,142807662591,3139
142807662592,143881404415,3112
143881404416,144955146239,3068
144955146240,146028888063,3124
146028888064,147102629887,2958
147102629888,148176371711,2970
148176371712,149250113535,2983
149250113536,150323855359,2950
150323855360,151397597183,2932
151397597184,152471339007,2868
152471339008,153545080831,2812
153545080832,154618822655,2833
154618822656,155692564479,2708
155692564480,156766306303,2787
156766306304,157840048127,2697
157840048128,158913789951,2564
158913789952,159987531775,2698
159987531776,161061273599,2640
161061273600,162135015423,2543
162135015424,163208757247,2468
163208757248,164282499071,2550
164282499072,165356240895,2517
165356240896,166429982719,2502
166429982720,167503724543,2413
167503724544,168577466367,2450
168577466368,169651208191,2295
169651208192,170724950015,2401
170724950016,171798691839,2414
171798691840,172872433663,2306
172872433664,173946175487,2308
173946175488,175019917311,2359
175019917312,176093659135,2269
176093659136,177167400959,2241
177167400960,178241142783,2281
178241142784,179314884607,2199
179314884608,180388626431,2350
180388626432,181462368255,2214
181462368256,182536110079,2137
182536110080,183609851903,2155
183609851904,184683593727,2166
184683593728,185757335551,2097
185757335552,186831077375,2088
186831077376,187904819199,1967
187904819200,188978561023,2009
188978561024,190052302847,1987
190052302848,191126044671,1945
191126044672,192199786495,1913
192199786496,193273528319,1958
193273528320,194347270143,1857
194347270144,195421011967,1802
195421011968,196494753791,1992
196494753792,197568495615,1876
197568495616,198642237439,1892
198642237440,199715979263,1780
199715979264,200789721087,1876
200789721088,201863462911,1827
201863462912,202937204735,1752
202937204736,204010946559,1816
204010946560,205084688383,1780
205084688384,206158430207,1781
206158430208,207232172031,1698
207232172032,208305913855,1798
208305913856,209379655679,1730
209379655680,210453397503,1790
210453397504,211527139327,1699
211527139328,212600881151,1645
212600881152,213674622975,1724
213674622976,214748364799,1560
214748364800,215822106623,1666
215822106624,216895848447,1609
216895848448,217969590271,1649
217969590272,219043332095,1579
219043332096,220117073919,1609
220117073920,221190815743,1479
221190815744,222264557567,1656
222264557568,223338299391,1691
223338299392,224412041215,1558
224412041216,225485783039,1536
225485783040,226559524863,1505
226559524864,227633266687,1500
227633266688,228707008511,1504
228707008512,229780750335,1428
229780750336,230854492159,1449
230854492160,231928233983,1411
231928233984,233001975807,1496
233001975808,234075717631,1437
234075717632,235149459455,1439
235149459456,236223201279,1410
236223201280,237296943103,1346
237296943104,238370684927,1424
238370684928,239444426751,1456
239444426752,240518168575,1458
240518168576,241591910399,1423
241591910400,242665652223,1336
242665652224,243739394047,1415
243739394048,244813135871,1313
244813135872,245886877695,1307
245886877696,246960619519,1294
246960619520,248034361343,1295
248034361344,249108103167,1229
249108103168,250181844991,1216
250181844992,251255586815,1223
251255586816,252329328639,1294
252329328640,253403070463,1180
253403070464,254476812287,1260
254476812288,255550554111,1230
255550554112,256624295935,1223
256624295936,257698037759,1175
257698037760,258771779583,1310
258771779584,259845521407,1248
259845521408,260919263231,1208
260919263232,261993005055,1148
261993005056,263066746879,1102
263066746880,264140488703,1128
264140488704,265214230527,1163
265214230528,266287972351,1151
266287972352,267361714175,1141
267361714176,268435455999,1162
268435456000,269509197823,1153
269509197824,270582939647,1122
270582939648,271656681471,1219
271656681472,272730423295,1076
272730423296,273804165119,1008
273804165120,274877906943,1063
274877906944,277025390591,2207
277025390592,279172874239,2098
279172874240,281320357887,2039
281320357888,283467841535,2122
283467841536,285615325183,2101
285615325184,287762808831,2093
287762808832,289910292479,2109
289910292480,292057776127,1966
292057776128,294205259775,1998
294205259776,296352743423,2087
296352743424,298500227071,2020
298500227072,300647710719,1982
300647710720,302795194367,1893
302795194368,304942678015,1885
304942678016,307090161663,1838
307090161664,309237645311,1751
309237645312,311385128959,1817
311385128960,313532612607,1760
313532612608,315680096255,1688
315680096256,317827579903,1705
317827579904,319975063551,1626
319975063552,322122547199,1682
322122547200,324270030847,1607
324270030848,326417514495,1662
326417514496,328564998143,1650
328564998144,330712481791,1550
330712481792,332859965439,1543
332859965440,335007449087,1629
335007449088,337154932735,1566
337154932736,339302416383,1540
339302416384,341449900031,1549
341449900032,343597383679,1585
343597383680,345744867327,1439
345744867328,347892350975,1385
347892350976,350039834623,1464
350039834624,352187318271,1463
352187318272,354334801919,1418
354334801920,356482285567,1347
356482285568,358629769215,1417
358629769216,360777252863,1422
360777252864,362924736511,1352
362924736512,365072220159,1315
365072220160,367219703807,1376
367219703808,369367187455,1346
369367187456,371514671103,1332
371514671104,373662154751,1330
373662154752,375809638399,1277
375809638400,377957122047,1232
377957122048,380104605695,1258
380104605696,382252089343,1256
382252089344,384399572991,1198
384399572992,386547056639,1252
386547056640,388694540287,1148
388694540288,390842023935,1180
390842023936,392989507583,1258
392989507584,395136991231,1217
395136991232,397284474879,1166
397284474880,399431958527,1180
399431958528,401579442175,1129
401579442176,403726925823,1243
403726925824,405874409471,1181
405874409472,408021893119,1219
408021893120,410169376767,1197
410169376768,412316860415,1093
412316860416,414464344063,1137
414464344064,416611827711,1148
416611827712,418759311359,1042
418759311360,420906795007,1170
420906795008,423054278655,1031
423054278656,425201762303,975
425201762304,427349245951,1054
427349245952,429496729599,966
429496729600,431644213247,958
431644213248,433791696895,1059
433791696896,435939180543,976
435939180544,438086664191,981
438086664192,440234147839,1008
440234147840,442381631487,995
442381631488,444529115135,950
444529115136,446676598783,908
446676598784,448824082431,976
448824082432,450971566079,900
450971566080,453119049727,920
453119049728,455266533375,962
455266533376,457414017023,884
457414017024,459561500671,923
459561500672,461708984319,925
461708984320,463856467967,878
463856467968,466003951615,865
466003951616,468151435263,900
468151435264,470298918911,859
470298918912,472446402559,909
472446402560,474593886207,922
474593886208,476741369855,838
476741369856,478888853503,859
478888853504,481036337151,835
481036337152,483183820799,877
483183820800,485331304447,861
485331304448,487478788095,777
487478788096,489626271743,844
489626271744,491773755391,826
491773755392,493921239039,794
493921239040,496068722687,776
496068722688,498216206335,805
498216206336,500363689983,787
500363689984,502511173631,699
502511173632,504658657279,807
504658657280,506806140927,781
506806140928,508953624575,688
508953624576,511101108223,787
511101108224,513248591871,732
513248591872,515396075519,704
515396075520,517543559167,827
517543559168,519691042815,788
519691042816,521838526463,761
521838526464,523986010111,662
523986010112,526133493759,747
526133493760,528280977407,723
528280977408,530428461055,744
530428461056,532575944703,787
532575944704,534723428351,732
534723428352,536870911999,711
536870912000,539018395647,645
539018395648,541165879295,688
541165879296,543313362943,755
543313362944,545460846591,661
545460846592,547608330239,689
547608330240,549755813887,718
549755813888,554050781183,1337
554050781184,558345748479,1236
558345748480,562640715775,1223
562640715776,566935683071,1292
566935683072,571230650367,1204
571230650368,575525617663,1203
575525617664,579820584959,1258
579820584960,584115552255,1302
584115552256,588410519551,1285
588410519552,592705486847,1242
592705486848,597000454143,1284
597000454144,601295421439,1209
601295421440,605590388735,1146
605590388736,609885356031,1145
609885356032,614180323327,1089
614180323328,618475290623,1089
618475290624,622770257919,999
622770257920,627065225215,1105
627065225216,631360192511,1008
631360192512,635655159807,1057
635655159808,639950127103,907
639950127104,644245094399,1063
644245094400,648540061695,955
648540061696,652835028991,912
652835028992,657129996287,1056
657129996288,661424963583,958
661424963584,665719930879,923
665719930880,670014898175,883
670014898176,674309865471,881
674309865472,678604832767,909
678604832768,682899800063,950
682899800064,687194767359,821
687194767360,691489734655,887
691489734656,695784701951,921
695784701952,700079669247,838
700079669248,704374636543,812
704374636544,708669603839,823
708669603840,712964571135,794
712964571136,717259538431,763
717259538432,721554505727,836
721554505728,725849473023,802
725849473024,730144440319,728
730144440320,734439407615,750
734439407616,738734374911,763
738734374912,743029342207,766
743029342208,747324309503,810
747324309504,751619276799,739
751619276800,755914244095,716
755914244096,760209211391,735
760209211392,764504178687,727
764504178688,768799145983,699
768799145984,773094113279,729
773094113280,777389080575,714
777389080576,781684047871,664
781684047872,785979015167,690
785979015168,790273982463,679
790273982464,794568949759,665
794568949760,798863917055,632
798863917056,803158884351,633
803158884352,807453851647,660
807453851648,811748818943,612
811748818944,816043786239,647
816043786240,820338753535,654
820338753536,824633720831,636
824633720832,828928688127,590
828928688128,833223655423,597
833223655424,837518622719,626
837518622720,841813590015,631
841813590016,846108557311,575
846108557312,850403524607,692
850403524608,854698491903,594
854698491904,858993459199,579
858993459200,863288426495,570
863288426496,867583393791,546
867583393792,871878361087,523
871878361088,876173328383,573
876173328384,880468295679,553
880468295680,884763262975,505
884763262976,889058230271,592
889058230272,893353197567,564
893353197568,897648164863,475
897648164864,901943132159,511
901943132160,906238099455,524
906238099456,910533066751,500
910533066752,914828034047,431
914828034048,919123001343,516
919123001344,923417968639,499
923417968640,927712935935,478
927712935936,932007903231,457
932007903232,936302870527,494
936302870528,940597837823,489
940597837824,944892805119,422
944892805120,949187772415,457
949187772416,953482739711,479
953482739712,957777707007,435
957777707008,962072674303,464
962072674304,966367641599,439
966367641600,970662608895,457
970662608896,974957576191,439
974957576192,979252543487,465
979252543488,983547510783,427
983547510784,987842478079,465
987842478080,992137445375,475
992137445376,996432412671,440
996432412672,1000727379967,459
1000727379968,1005022347263,397
1005022347264,1009317314559,425
1009317314560,1013612281855,441
1013612281856,1017907249151,426
1017907249152,1022202216447,439
1022202216448,1026497183743,405
1026497183744,1030792151039,406
1030792151040,1035087118335,422
1035087118336,1039382085631,408
1039382085632,1043677052927,449
1043677052928,1047972020223,405
1047972020224,1052266987519,401
1052266987520,1056561954815,357
1056561954816,1060856922111,389
1060856922112,1065151889407,370
1065151889408,1069446856703,369
1069446856704,1073741823999,371
1073741824000,1078036791295,379
1078036791296,1082331758591,351
1082331758592,1086626725887,367
1086626725888,1090921693183,390
1090921693184,1095216660479,387
1095216660480,1099511627775,385
1099511627776,1108101562367,663
1108101562368,1116691496959,638
1116691496960,1125281431551,702
1125281431552,1133871366143,785
1133871366144,1142461300735,647
1142461300736,1151051235327,666
1151051235328,1159641169919,665
1159641169920,1168231104511,731
1168231104512,1176821039103,654
1176821039104,1185410973695,624
1185410973696,1194000908287,612
1194000908288,1202590842879,595
1202590842880,1211180777471,609
1211180777472,1219770712063,571
1219770712064,1228360646655,539
1228360646656,1236950581247,579
1236950581248,1245540515839,562
1245540515840,1254130450431,555
1254130450432,1262720385023,525
1262720385024,1271310319615,605
1271310319616,1279900254207,518
1279900254208,1288490188799,553
1288490188800,1297080123391,446
1297080123392,1305670057983,485
1305670057984,1314259992575,529
1314259992576,1322849927167,479
1322849927168,1331439861759,517
1331439861760,1340029796351,509
1340029796352,1348619730943,471
1348619730944,1357209665535,435
1357209665536,1365799600127,467
1365799600128,1374389534719,448
1374389534720,1382979469311,441
1382979469312,1391569403903,449
1391569403904,1400159338495,442
1400159338496,1408749273087,421
1408749273088,1417339207679,408
1417339207680,1425929142271,373
1425929142272,1434519076863,463
1434519076864,1443109011455,471
1443109011456,1451698946047,420
1451698946048,1460288880639,392
1460288880640,1468878815231,381
1468878815232,1477468749823,437
1477468749824,1486058684415,395
1486058684416,1494648619007,394
1494648619008,1503238553599,398
1503238553600,1511828488191,436
1511828488192,1520418422783,387
1520418422784,1529008357375,363
1529008357376,1537598291967,423
1537598291968,1546188226559,361
1546188226560,1554778161151,351
1554778161152,1563368095743,347
1563368095744,1571958030335,387
1571958030336,1580547964927,358
1580547964928,1589137899519,337
1589137899520,1597727834111,324
1597727834112,1606317768703,329
1606317768704,1614907703295,339
1614907703296,1623497637887,300
1623497637888,1632087572479,353
1632087572480,1640677507071,321
1640677507072,1649267441663,318
1649267441664,1657857376255,319
1657857376256,1666447310847,297
1666447310848,1675037245439,350
1675037245440,1683627180031,364
1683627180032,1692217114623,321
1692217114624,1700807049215,295
1700807049216,1709396983807,332
1709396983808,1717986918399,313
1717986918400,1726576852991,275
1726576852992,1735166787583,313
1735166787584,1743756722175,343
1743756722176,1752346656767,285
1752346656768,1760936591359,271
1760936591360,1769526525951,350
1769526525952,1778116460543,350
1778116460544,1786706395135,348
1786706395136,1795296329727,391
1795296329728,1803886264319,395
1803886264320,1812476198911,311
1812476198912,1821066133503,279
1821066133504,1829656068095,305
1829656068096,1838246002687,296
1838246002688,1846835937279,323
1846835937280,1855425871871,299
1855425871872,1864015806463,369
1864015806464,1872605741055,318
1872605741056,1881195675647,282
1881195675648,1889785610239,321
1889785610240,1898375544831,293
1898375544832,1906965479423,280
1906965479424,1915555414015,298
1915555414016,1924145348607,261
1924145348608,1932735283199,266
1932735283200,1941325217791,240
1941325217792,1949915152383,251
1949915152384,1958505086975,227
1958505086976,1967095021567,220
1967095021568,1975684956159,226
1975684956160,1984274890751,283
1984274890752,1992864825343,255
1992864825344,2001454759935,237
2001454759936,2010044694527,208
2010044694528,2018634629119,220
2018634629120,2027224563711,213
2027224563712,2035814498303,227
2035814498304,2044404432895,236
2044404432896,2052994367487,235
2052994367488,2061584302079,214
2061584302080,2070174236671,279
2070174236672,2078764171263,235
2078764171264,2087354105855,209
2087354105856,2095944040447,216
2095944040448,2104533975039,216
2104533975040,2113123909631,217
2113123909632,2121713844223,217
2121713844224,2130303778815,188
2130303778816,2138893713407,234
2138893713408,2147483647999,216
2147483648000,2156073582591,225
2156073582592,2164663517183,182
2164663517184,2173253451775,162
2173253451776,2181843386367,184
2181843386368,2190433320959,173
2190433320960,2199023255551,150
2199023255552,2216203124735,420
2216203124736,2233382993919,450
2233382993920,2250562863103,406
2250562863104,2267742732287,342
2267742732288,2284922601471,369
2284922601472,2302102470655,334
2302102470656,2319282339839,390
2319282339840,2336462209023,350
2336462209024,2353642078207,354
2353642078208,2370821947391,349
2370821947392,2388001816575,306
2388001816576,2405181685759,305
2405181685760,2422361554943,319
2422361554944,2439541424127,300
2439541424128,2456721293311,281
2456721293312,2473901162495,323
2473901162496,2491081031679,285
2491081031680,2508260900863,264
2508260900864,2525440770047,316
2525440770048,2542620639231,316
2542620639232,2559800508415,285
2559800508416,2576980377599,276
2576980377600,2594160246783,267
2594160246784,2611340115967,294
2611340115968,2628519985151,261
2628519985152,2645699854335,302
2645699854336,2662879723519,267
2662879723520,2680059592703,255
2680059592704,2697239461887,240
2697239461888,2714419331071,268
2714419331072,2731599200255,257
2731599200256,2748779069439,264
2748779069440,2765958938623,250
2765958938624,2783138807807,233
2783138807808,2800318676991,249
2800318676992,2817498546175,239
2817498546176,2834678415359,230
2834678415360,2851858284543,245
2851858284544,2869038153727,212
2869038153728,2886218022911,243
2886218022912,2903397892095,235
2903397892096,2920577761279,223
2920577761280,2937757630463,196
2937757630464,2954937499647,262
2954937499648,2972117368831,220
2972117368832,2989297238015,190
2989297238016,3006477107199,233
3006477107200,3023656976383,213
3023656976384,3040836845567,199
3040836845568,3058016714751,222
3058016714752,3075196583935,237
3075196583936,3092376453119,225
3092376453120,3109556322303,203
3109556322304,3126736191487,196
3126736191488,3143916060671,181
3143916060672,3161095929855,188
3161095929856,3178275799039,175
3178275799040,3195455668223,200
3195455668224,3212635537407,202
3212635537408,3229815406591,192
3229815406592,3246995275775,164
3246995275776,3264175144959,183
3264175144960,3281355014143,167
3281355014144,3298534883327,157
3298534883328,3315714752511,194
3315714752512,3332894621695,159
3332894621696,3350074490879,150
3350074490880,3367254360063,183
3367254360064,3384434229247,167
3384434229248,3401614098431,179
3401614098432,3418793967615,184
3418793967616,3435973836799,147
3435973836800,3453153705983,153
3453153705984,3470333575167,137
3470333575168,3487513444351,155
3487513444352,3504693313535,146
3504693313536,3521873182719,155
3521873182720,3539053051903,216
3539053051904,3556232921087,176
3556232921088,3573412790271,176
3573412790272,3590592659455,139
3590592659456,3607772528639,152
3607772528640,3624952397823,157
3624952397824,3642132267007,114
3642132267008,3659312136191,149
3659312136192,3676492005375,170
3676492005376,3693671874559,156
3693671874560,3710851743743,175
3710851743744,3728031612927,116
3728031612928,3745211482111,123
3745211482112,3762391351295,134
3762391351296,3779571220479,188
3779571220480,3796751089663,131
3796751089664,3813930958847,150
3813930958848,3831110828031,127
3831110828032,3848290697215,143
3848290697216,3865470566399,124
3865470566400,3882650435583,153
3882650435584,3899830304767,141
3899830304768,3917010173951,90
3917010173952,3934190043135,139
3934190043136,3951369912319,136
3951369912320,3968549781503,116
3968549781504,3985729650687,129
3985729650688,4002909519871,136
4002909519872,4020089389055,136
4020089389056,4037269258239,118
4037269258240,4054449127423,148
4054449127424,4071628996607,130
4071628996608,4088808865791,139
4088808865792,4105988734975,107
4105988734976,4123168604159,130
4123168604160,4140348473343,111
4140348473344,4157528342527,137
4157528342528,4174708211711,121
4174708211712,4191888080895,132
4191888080896,4209067950079,158
4209067950080,4226247819263,117
4226247819264,4243427688447,189
4243427688448,4260607557631,145
4260607557632,4277787426815,107
4277787426816,4294967295999,138
4294967296000,4312147165183,130
4312147165184,4329327034367,111
4329327034368,4346506903551,98
4346506903552,4363686772735,115
4363686772736,4380866641919,105
4380866641920,4398046511103,104
4398046511104,4432406249471,214
4432406249472,4466765987839,233
4466765987840,4501125726207,228
4501125726208,4535485464575,231
4535485464576,4569845202943,235
4569845202944,4604204941311,220
4604204941312,4638564679679,206
4638564679680,4672924418047,224
4672924418048,4707284156415,243
4707284156416,4741643894783,207
4741643894784,4776003633151,203
4776003633152,4810363371519,168
4810363371520,4844723109887,201
4844723109888,4879082848255,170
4879082848256,4913442586623,212
4913442586624,4947802324991,184
4947802324992,4982162063359,161
4982162063360,5016521801727,145
5016521801728,5050881540095,181
5050881540096,5085241278463,202
5085241278464,5119601016831,168
5119601016832,5153960755199,178
5153960755200,5188320493567,151
5188320493568,5222680231935,177
5222680231936,5257039970303,168
5257039970304,5291399708671,186
5291399708672,5325759447039,194
5325759447040,5360119185407,160
5360119185408,5394478923775,162
5394478923776,5428838662143,204
5428838662144,5463198400511,161
5463198400512,5497558138879,217
5497558138880,5531917877247,200
5531917877248,5566277615615,178
5566277615616,5600637353983,236
5600637353984,5634997092351,129
5634997092352,5669356830719,161
5669356830720,5703716569087,142
5703716569088,5738076307455,128
5738076307456,5772436045823,155
5772436045824,5806795784191,142
5806795784192,5841155522559,132
5841155522560,5875515260927,121
5875515260928,5909874999295,158
5909874999296,5944234737663,137
5944234737664,5978594476031,112
5978594476032,6012954214399,142
6012954214400,6047313952767,124
6047313952768,6081673691135,126
6081673691136,6116033429503,167
6116033429504,6150393167871,112
6150393167872,6184752906239,179
6184752906240,6219112644607,113
6219112644608,6253472382975,136
6253472382976,6287832121343,139
6287832121344,6322191859711,140
6322191859712,6356551598079,117
6356551598080,6390911336447,103
6390911336448,6425271074815,109
6425271074816,6459630813183,100
6459630813184,6493990551551,130
6493990551552,6528350289919,132
6528350289920,6562710028287,123
6562710028288,6597069766655,120
6597069766656,6631429505023,119
6631429505024,6665789243391,134
6665789243392,6700148981759,132
6700148981760,6734508720127,121
6734508720128,6768868458495,104
6768868458496,6803228196863,121
6803228196864,6837587935231,111
6837587935232,6871947673599,134
6871947673600,6906307411967,111
6906307411968,6940667150335,100
6940667150336,6975026888703,131
6975026888704,7009386627071,102
7009386627072,7043746365439,107
7043746365440,7078106103807,99
7078106103808,7112465842175,96
7112465842176,7146825580543,98
7146825580544,7181185318911,77
7181185318912,7215545057279,99
7215545057280,7249904795647,96
7249904795648,7284264534015,100
7284264534016,7318624272383,103
7318624272384,7352984010751,94
7352984010752,7387343749119,92
7387343749120,7421703487487,94
7421703487488,7456063225855,98
7456063225856,7490422964223,93
7490422964224,7524782702591,68
7524782702592,7559142440959,103
7559142440960,7593502179327,72
7593502179328,7627861917695,81
7627861917696,7662221656063,67
7662221656064,7696581394431,84
7696581394432,7730941132799,88
7730941132800,7765300871167,80
7765300871168,7799660609535,77
7799660609536,7834020347903,103
7834020347904,7868380086271,82
7868380086272,7902739824639,83
7902739824640,7937099563007,84
7937099563008,7971459301375,86
7971459301376,8005819039743,94
8005819039744,8040178778111,87
8040178778112,8074538516479,76
8074538516480,8108898254847,88
8108898254848,8143257993215,85
8143257993216,8177617731583,96
8177617731584,8211977469951,92
8211977469952,8246337208319,88
8246337208320,8280696946687,83
8280696946688,8315056685055,66
8315056685056,8349416423423,89
8349416423424,8383776161791,70
8383776161792,8418135900159,88
8418135900160,8452495638527,68
8452495638528,8486855376895,79
8486855376896,8521215115263,67
8521215115264,8555574853631,67
8555574853632,8589934591999,81
8589934592000,8624294330367,72
8624294330368,8658654068735,63
8658654068736,8693013807103,74
8693013807104,8727373545471,76
8727373545472,8761733283839,70
8761733283840,8796093022207,81
8796093022208,8864812498943,173
8864812498944,8933531975679,155
8933531975680,9002251452415,145
9002251452416,9070970929151,140
9070970929152,9139690405887,135
9139690405888,9208409882623,132
9208409882624,9277129359359,138
9277129359360,9345848836095,151
9345848836096,9414568312831,150
9414568312832,9483287789567,169
9483287789568,9552007266303,144
9552007266304,9620726743039,214
9620726743040,9689446219775,116
9689446219776,9758165696511,137
9758165696512,9826885173247,129
9826885173248,9895604649983,125
9895604649984,9964324126719,114
9964324126720,10033043603455,120
10033043603456,10101763080191,107
10101763080192,10170482556927,125
10170482556928,10239202033663,123
10239202033664,10307921510399,125
10307921510400,10376640987135,118
10376640987136,10445360463871,114
10445360463872,10514079940607,98
10514079940608,10582799417343,112
10582799417344,10651518894079,106
10651518894080,10720238370815,106
10720238370816,10788957847551,111
10788957847552,10857677324287,89
10857677324288,10926396801023,79
10926396801024,10995116277759,73
10995116277760,11063835754495,89
11063835754496,11132555231231,78
11132555231232,11201274707967,89
11201274707968,11269994184703,92
11269994184704,11338713661439,92
11338713661440,11407433138175,84
11407433138176,11476152614911,93
11476152614912,11544872091647,99
11544872091648,11613591568383,86
11613591568384,11682311045119,73
11682311045120,11751030521855,83
11751030521856,11819749998591,87
11819749998592,11888469475327,80
11888469475328,11957188952063,88
11957188952064,12025908428799,81
12025908428800,12094627905535,80
12094627905536,12163347382271,126
12163347382272,12232066859007,74
12232066859008,12300786335743,84
12300786335744,12369505812479,87
12369505812480,12438225289215,88
12438225289216,12506944765951,93
12506944765952,12575664242687,96
12575664242688,12644383719423,73
12644383719424,12713103196159,140
12713103196160,12781822672895,72
12781822672896,12850542149631,75
12850542149632,12919261626367,79
12919261626368,12987981103103,81
12987981103104,13056700579839,80
13056700579840,13125420056575,66
13125420056576,13194139533311,82
13194139533312,13262859010047,67
13262859010048,13331578486783,74
13331578486784,13400297963519,163
13400297963520,13469017440255,58
13469017440256,13537736916991,61
13537736916992,13606456393727,61
13606456393728,13675175870463,79
13675175870464,13743895347199,65
13743895347200,13812614823935,69
13812614823936,13881334300671,79
13881334300672,13950053777407,67
13950053777408,14018773254143,69
14018773254144,14087492730879,71
14087492730880,14156212207615,55
14156212207616,14224931684351,69
14224931684352,14293651161087,101
14293651161088,14362370637823,81
14362370637824,14431090114559,101
14431090114560,14499809591295,69
14499809591296,14568529068031,109
14568529068032,14637248544767,81
14637248544768,14705968021503,51
14705968021504,14774687498239,57
14774687498240,14843406974975,81
14843406974976,14912126451711,84
14912126451712,14980845928447,59
14980845928448,15049565405183,58
15049565405184,15118284881919,72
15118284881920,15187004358655,47
15187004358656,15255723835391,55
15255723835392,15324443312127,71
15324443312128,15393162788863,38
15393162788864,15461882265599,77
15461882265600,15530601742335,66
15530601742336,15599321219071,52
15599321219072,15668040695807,46
15668040695808,15736760172543,58
15736760172544,15805479649279,52
15805479649280,15874199126015,65
15874199126016,15942918602751,74
15942918602752,16011638079487,53
16011638079488,16080357556223,77
16080357556224,16149077032959,57
16149077032960,16217796509695,93
16217796509696,16286515986431,108
16286515986432,16355235463167,93
16355235463168,16423954939903,75
16423954939904,16492674416639,72
16492674416640,16561393893375,45
16561393893376,16630113370111,78
16630113370112,16698832846847,51
16698832846848,16767552323583,61
16767552323584,16836271800319,52
16836271800320,16904991277055,51
16904991277056,16973710753791,52
16973710753792,17042430230527,63
17042430230528,17111149707263,54
17111149707264,17179869183999,42
17179869184000,17248588660735,180
17248588660736,17317308137471,60
17317308137472,17386027614207,41
17386027614208,17454747090943,58
17454747090944,17523466567679,28
17523466567680,17592186044415,40
17592186044416,17729624997887,74
17729624997888,17867063951359,77
17867063951360,18004502904831,129
18004502904832,18141941858303,113
18141941858304,18279380811775,109
18279380811776,18416819765247,87
18416819765248,18554258718719,81
18554258718720,18691697672191,60
18691697672192,18829136625663,90
18829136625664,18966575579135,56
18966575579136,19104014532607,72
19104014532608,19241453486079,80
19241453486080,19378892439551,75
19378892439552,19516331393023,67
19516331393024,19653770346495,62
19653770346496,19791209299967,43
19791209299968,19928648253439,65
19928648253440,20066087206911,67
20066087206912,20203526160383,46
20203526160384,20340965113855,44
20340965113856,20478404067327,68
20478404067328,20615843020799,89
20615843020800,20753281974271,39
20753281974272,20890720927743,56
20890720927744,21028159881215,49
21028159881216,21165598834687,45
21165598834688,21303037788159,60
21303037788160,21440476741631,57
21440476741632,21577915695103,60
21577915695104,21715354648575,45
21715354648576,21852793602047,60
21852793602048,21990232555519,55
21990232555520,22127671508991,65
22127671508992,22265110462463,41
22265110462464,22402549415935,43
22402549415936,22539988369407,50
22539988369408,22677427322879,43
22677427322880,22814866276351,62
22814866276352,22952305229823,34
22952305229824,23089744183295,45
23089744183296,23227183136767,49
23227183136768,23364622090239,50
23364622090240,23502061043711,59
23502061043712,23639499997183,10
23639499997184,23776938950655,13
23776938950656,23914377904127,8
23914377904128,24051816857599,11
24051816857600,24189255811071,11
24189255811072,24326694764543,33
24326694764544,24464133718015,32
24464133718016,24601572671487,18
24601572671488,24739011624959,14
24739011624960,24876450578431,16
24876450578432,25013889531903,10
25013889531904,25151328485375,19
25151328485376,25288767438847,94
25288767438848,25426206392319,38
25426206392320,25563645345791,46
25563645345792,25701084299263,14
25701084299264,25838523252735,10
25838523252736,25975962206207,8
25975962206208,26113401159679,7
26113401159680,26250840113151,14
26250840113152,26388279066623,11
26388279066624,26525718020095,66
26525718020096,26663156973567,6
26663156973568,26800595927039,6
26800595927040,26938034880511,1
26938034880512,27075473833983,138
27075473833984,27212912787455,33
27212912787456,27350351740927,22
27350351740928,27487790694399,2
27487790694400,27625229647871,2
27625229647872,27762668601343,3
27762668601344,27900107554815,7
27900107554816,28037546508287,6
28037546508288,28174985461759,6
28174985461760,28312424415231,6
28312424415232,28449863368703,3
28449863368704,28587302322175,4
28587302322176,28724741275647,3
28724741275648,28862180229119,28
28862180229120,28999619182591,8
28999619182592,29137058136063,15
29137058136064,29274497089535,8
29274497089536,29411936043007,4
29411936043008,29549374996479,3
29549374996480,29686813949951,2
29686813949952,29824252903423,3
29824252903424,29961691856895,7
29961691856896,30099130810367,14
30099130810368,30236569763839,4
30236569763840,30374008717311,2
30374008717312,30511447670783,3
30511447670784,30648886624255,14
30786325577728,30923764531199,1
30923764531200,31061203484671,1
31061203484672,31198642438143,1
31198642438144,31336081391615,1
31473520345088,31610959298559,3
31610959298560,31748398252031,1
31748398252032,31885837205503,3
31885837205504,32023276158975,2
32160715112448,32298154065919,1
32298154065920,32435593019391,2
32573031972864,32710470926335,1
32710470926336,32847909879807,1
33260226740224,33397665693695,3
33535104647168,33672543600639,4
33672543600640,33809982554111,1
33809982554112,33947421507583,1
34084860461056,34222299414527,8
34222299414528,34359738367999,9
34359738368000,34497177321471,1
34497177321472,34634616274943,1
34909494181888,35046933135359,1
35184372088832,35459249995775,3
35734127902720,36009005809663,3
36009005809664,36283883716607,1
36833639530496,37108517437439,1
37383395344384,37658273251327,3
39032662786048,39307540692991,2
39307540692992,39582418599935,1
42331197669376,42606075576319,1
42880953483264,43155831390207,2
43430709297152,43626408278389,1
