low,high,count
9728,9791,3
9792,9855,7
9856,9919,13
9920,9983,21
9984,10047,32
10048,10111,69
10112,10175,102
10176,10239,129
10240,10303,193
10304,10367,244
10368,10431,323
10432,10495,357
10496,10559,398
10560,10623,554
10624,10687,595
10688,10751,621
10752,10815,664
10816,10879,832
10880,10943,824
10944,11007,810
11008,11071,855
11072,11135,994
11136,11199,980
11200,11263,965
11264,11327,1016
11328,11391,1160
11392,11455,1059
11456,11519,1080
11520,11583,1244
11584,11647,1307
11648,11711,1230
11712,11775,1246
11776,11839,1345
11840,11903,1441
11904,11967,1314
11968,12031,1415
12032,12095,1574
12096,12159,1729
12160,12223,1576
12224,12287,1614
12288,12351,1717
12352,12415,1822
12416,12479,1691
12480,12543,1681
12544,12607,1884
12608,12671,1769
12672,12735,1811
12736,12799,1750
12800,12863,1952
12864,12927,1862
12928,12991,1871
12992,13055,1921
13056,13119,1915
13120,13183,1857
13184,13247,1871
13248,13311,1913
13312,13375,1883
13376,13439,1910
13440,13503,1870
13504,13567,2002
13568,13631,2015
13632,13695,1933
13696,13759,1992
13760,13823,2005
13824,13887,1930
13888,13951,1937
13952,14015,2010
14016,14079,2073
14080,14143,1993
14144,14207,2148
14208,14271,1993
14272,14335,2016
14336,14399,2120
14400,14463,2043
14464,14527,2069
14528,14591,2091
14592,14655,2150
14656,14719,2123
14720,14783,2074
14784,14847,2087
14848,14911,2196
14912,14975,2122
14976,15039,2139
15040,15103,2165
15104,15167,2052
15168,15231,2162
15232,15295,2158
15296,15359,2080
15360,15423,2187
15424,15487,2160
15488,15551,2130
15552,15615,2207
15616,15679,2235
15680,15743,2071
15744,15807,2189
15808,15871,2193
15872,15935,2148
15936,15999,2161
16000,16063,2148
16064,16127,2106
16128,16191,2189
16192,16255,2219
16256,16319,2275
16320,16383,2172
16384,16511,4446
16512,16639,4266
16640,16767,4332
16768,16895,4451
16896,17023,4257
17024,17151,4326
17152,17279,4347
17280,17407,4308
17408,17535,4249
17536,17663,4151
17664,17791,4283
17792,17919,4262
17920,18047,4245
18048,18175,4204
18176,18303,4182
18304,18431,4120
18432,18559,4127
18560,18687,4084
18688,18815,4206
18816,18943,4123
18944,19071,4218
19072,19199,4059
19200,19327,4119
19328,19455,4018
19456,19583,3992
19584,19711,3952
19712,19839,3978
19840,19967,4039
19968,20095,4058
20096,20223,3986
20224,20351,3911
20352,20479,3781
20480,20607,3793
20608,20735,3724
20736,20863,3745
20864,20991,3756
20992,21119,3754
21120,21247,3680
21248,21375,3516
21376,21503,3571
21504,21631,3638
21632,21759,3653
21760,21887,3626
21888,22015,3547
22016,22143,3396
22144,22271,3322
22272,22399,3491
22400,22527,3406
22528,22655,3323
22656,22783,3409
22784,22911,3350
22912,23039,3304
23040,23167,3269
23168,23295,3354
23296,23423,3222
23424,23551,3242
23552,23679,3113
23680,23807,3209
23808,23935,3105
23936,24063,3018
24064,24191,3073
24192,24319,3070
24320,24447,3007
24448,24575,3009
24576,24703,3038
24704,24831,3043
24832,24959,2906
24960,25087,2920
25088,25215,2914
25216,25343,2745
25344,25471,2923
25472,25599,2820
25600,25727,2804
25728,25855,2821
25856,25983,2763
25984,26111,2732
26112,26239,2773
26240,26367,2741
26368,26495,2741
26496,26623,2711
26624,26751,2659
26752,26879,2680
26880,27007,2617
27008,27135,2552
27136,27263,2548
27264,27391,2652
27392,27519,2625
27520,27647,2656
27648,27775,2596
27776,27903,2603
27904,28031,2586
28032,28159,2543
28160,28287,2519
28288,28415,2508
28416,28543,2444
28544,28671,2442
28672,28799,2422
28800,28927,2426
28928,29055,2397
29056,29183,2438
29184,29311,2426
29312,29439,2392
29440,29567,2330
29568,29695,2316
29696,29823,2282
29824,29951,2402
29952,30079,2372
30080,30207,2337
30208,30335,2363
30336,30463,2387
30464,30591,2237
30592,30719,2228
30720,30847,2176
30848,30975,2209
30976,31103,2219
31104,31231,2274
31232,31359,2238
31360,31487,2191
31488,31615,2166
31616,31743,2179
31744,31871,2263
31872,31999,2243
32000,32127,2214
32128,32255,2141
32256,32383,2168
32384,32511,2131
32512,32639,2099
32640,32767,2160
32768,33023,4161
33024,33279,4198
33280,33535,4119
33536,33791,4122
33792,34047,4016
34048,34303,3966
34304,34559,4082
34560,34815,4022
34816,35071,3822
35072,35327,3771
35328,35583,3966
35584,35839,3804
35840,36095,3716
36096,36351,3661
36352,36607,3742
36608,36863,3582
36864,37119,3653
37120,37375,3562
37376,37631,3429
37632,37887,3449
37888,38143,3449
38144,38399,3288
38400,38655,3359
38656,38911,3342
38912,39167,3173
39168,39423,3146
39424,39679,3173
39680,39935,3021
39936,40191,3053
40192,40447,3016
40448,40703,2971
40704,40959,2945
40960,41215,2853
41216,41471,2871
41472,41727,2857
41728,41983,2880
41984,42239,2864
42240,42495,2824
42496,42751,2768
42752,43007,2778
43008,43263,2701
43264,43519,2648
43520,43775,2666
43776,44031,2591
44032,44287,2600
44288,44543,2662
44544,44799,2600
44800,45055,2638
45056,45311,2543
45312,45567,2473
45568,45823,2480
45824,46079,2442
46080,46335,2479
46336,46591,2342
46592,46847,2446
46848,47103,2432
47104,47359,2424
47360,47615,2396
47616,47871,2391
47872,48127,2395
48128,48383,2290
48384,48639,2346
48640,48895,2305
48896,49151,2291
49152,49407,2253
49408,49663,2224
49664,49919,2342
49920,50175,2224
50176,50431,2345
50432,50687,2113
50688,50943,2237
50944,51199,2128
51200,51455,2139
51456,51711,2111
51712,51967,2167
51968,52223,2086
52224,52479,2057
52480,52735,1985
52736,52991,2110
52992,53247,2145
53248,53503,2083
53504,53759,2073
53760,54015,1924
54016,54271,1992
54272,54527,2086
54528,54783,2029
54784,55039,2166
55040,55295,2245
55296,55551,2181
55552,55807,2349
55808,56063,2391
56064,56319,2435
56320,56575,2585
56576,56831,2524
56832,57087,2597
57088,57343,2465
57344,57599,2670
57600,57855,2455
57856,58111,2607
58112,58367,2539
58368,58623,2533
58624,58879,2576
58880,59135,2473
59136,59391,2621
59392,59647,2468
59648,59903,2533
59904,60159,2426
60160,60415,2524
60416,60671,2636
60672,60927,2438
60928,61183,2617
61184,61439,2410
61440,61695,2618
61696,61951,2430
61952,62207,2512
62208,62463,2543
62464,62719,2369
62720,62975,2526
62976,63231,2379
63232,63487,2328
63488,63743,2327
63744,63999,2402
64000,64255,2249
64256,64511,2293
64512,64767,2275
64768,65023,2227
65024,65279,2169
65280,65535,2041
65536,66047,4119
66048,66559,3888
66560,67071,3782
67072,67583,3703
67584,68095,3627
68096,68607,3632
68608,69119,3576
69120,69631,3543
69632,70143,3494
70144,70655,3469
70656,71167,3385
71168,71679,3593
71680,72191,3460
72192,72703,3454
72704,73215,3524
73216,73727,3501
73728,74239,3436
74240,74751,3630
74752,75263,3539
75264,75775,3679
75776,76287,3767
76288,76799,3753
76800,77311,3354
77312,77823,3318
77824,78335,3144
78336,78847,3198
78848,79359,3090
79360,79871,3121
79872,80383,2947
80384,80895,2987
80896,81407,3022
81408,81919,3115
81920,82431,3026
82432,82943,2961
82944,83455,2942
83456,83967,2978
83968,84479,2999
84480,84991,2887
84992,85503,3093
85504,86015,3134
86016,86527,3194
86528,87039,3258
87040,87551,3285
87552,88063,3307
88064,88575,3329
88576,89087,3422
89088,89599,3254
89600,90111,3226
90112,90623,3027
90624,91135,2999
91136,91647,2836
91648,92159,2775
92160,92671,2794
92672,93183,2774
93184,93695,2705
93696,94207,2676
94208,94719,2558
94720,95231,2634
95232,95743,2574
95744,96255,2645
96256,96767,2564
96768,97279,2506
97280,97791,2668
97792,98303,2501
98304,98815,2602
98816,99327,2646
99328,99839,2651
99840,100351,2690
100352,100863,2581
100864,101375,2565
101376,101887,2638
101888,102399,2554
102400,102911,2415
102912,103423,2404
103424,103935,2437
103936,104447,2368
104448,104959,2299
104960,105471,2390
105472,105983,2413
105984,106495,2452
106496,107007,2414
107008,107519,2457
107520,108031,2471
108032,108543,2431
108544,109055,2457
109056,109567,2486
109568,110079,2535
110080,110591,2583
110592,111103,2526
111104,111615,2477
111616,112127,2548
112128,112639,2540
112640,113151,2487
113152,113663,2490
113664,114175,2503
114176,114687,2471
114688,115199,2487
115200,115711,2415
115712,116223,2322
116224,116735,2382
116736,117247,2311
117248,117759,2364
117760,118271,2324
118272,118783,2295
118784,119295,2268
119296,119807,2301
119808,120319,2254
120320,120831,2205
120832,121343,2198
121344,121855,2184
121856,122367,2190
122368,122879,2200
122880,123391,2178
123392,123903,2248
123904,124415,2217
124416,124927,2253
124928,125439,2103
125440,125951,2216
125952,126463,2160
126464,126975,2199
126976,127487,2075
127488,127999,2109
128000,128511,2152
128512,129023,2093
129024,129535,2099
129536,130047,2077
130048,130559,2053
130560,131071,1981
131072,132095,4002
132096,133119,3997
133120,134143,3905
134144,135167,3977
135168,136191,4096
136192,137215,3951
137216,138239,3961
138240,139263,3982
139264,140287,3868
140288,141311,3804
141312,142335,3833
142336,143359,3900
143360,144383,3915
144384,145407,3857
145408,146431,3904
146432,147455,3878
147456,148479,3832
148480,149503,3916
149504,150527,4002
150528,151551,3930
151552,152575,3790
152576,153599,4006
153600,154623,3957
154624,155647,3958
155648,156671,3996
156672,157695,4013
157696,158719,4004
158720,159743,4029
159744,160767,3886
160768,161791,4133
161792,162815,4081
162816,163839,4076
163840,164863,3928
164864,165887,3937
165888,166911,3960
166912,167935,3868
167936,168959,3983
168960,169983,3882
169984,171007,3912
171008,172031,3981
172032,173055,4081
173056,174079,4035
174080,175103,3934
175104,176127,3956
176128,177151,3878
177152,178175,3697
178176,179199,3633
179200,180223,3603
180224,181247,3559
181248,182271,3673
182272,183295,3544
183296,184319,3528
184320,185343,3581
185344,186367,3637
186368,187391,3676
187392,188415,3687
188416,189439,3798
189440,190463,3666
190464,191487,3803
191488,192511,3633
192512,193535,3678
193536,194559,3752
194560,195583,3844
195584,196607,3638
196608,197631,3660
197632,198655,3691
198656,199679,3494
199680,200703,3492
200704,201727,3478
201728,202751,3469
202752,203775,3200
203776,204799,3314
204800,205823,3242
205824,206847,3349
206848,207871,3273
207872,208895,3185
208896,209919,3153
209920,210943,3242
210944,211967,3162
211968,212991,3232
212992,214015,3196
214016,215039,3274
215040,216063,3187
216064,217087,3238
217088,218111,3281
218112,219135,3325
219136,220159,3353
220160,221183,3351
221184,222207,3379
222208,223231,3416
223232,224255,3362
224256,225279,3401
225280,226303,3492
226304,227327,3345
227328,228351,3334
228352,229375,3296
229376,230399,3229
230400,231423,3164
231424,232447,3220
232448,233471,3220
233472,234495,3119
234496,235519,3087
235520,236543,2973
236544,237567,2983
237568,238591,2956
238592,239615,2834
239616,240639,3042
240640,241663,2911
241664,242687,2948
242688,243711,2917
243712,244735,3036
244736,245759,2971
245760,246783,3077
246784,247807,3041
247808,248831,2959
248832,249855,3031
249856,250879,2917
250880,251903,2976
251904,252927,2878
252928,253951,2960
253952,254975,2835
254976,255999,2867
256000,257023,2905
257024,258047,2912
258048,259071,2942
259072,260095,2928
260096,261119,2985
261120,262143,2962
262144,264191,6007
264192,266239,5832
266240,268287,5883
268288,270335,5915
270336,272383,5997
272384,274431,6001
274432,276479,6102
276480,278527,6123
278528,280575,6362
280576,282623,6541
282624,284671,6603
284672,286719,6945
286720,288767,7183
288768,290815,7340
290816,292863,7472
292864,294911,7457
294912,296959,7421
296960,299007,7415
299008,301055,7390
301056,303103,7290
303104,305151,7159
305152,307199,6991
307200,309247,6862
309248,311295,6795
311296,313343,6725
313344,315391,6619
315392,317439,6468
317440,319487,6499
319488,321535,6528
321536,323583,6418
323584,325631,6351
325632,327679,6349
327680,329727,6181
329728,331775,6307
331776,333823,6266
333824,335871,6273
335872,337919,6170
337920,339967,6206
339968,342015,6219
342016,344063,6345
344064,346111,6073
346112,348159,6172
348160,350207,6135
350208,352255,6100
352256,354303,6201
354304,356351,6409
356352,358399,6282
358400,360447,6089
360448,362495,6183
362496,364543,6192
364544,366591,6206
366592,368639,6387
368640,370687,6257
370688,372735,6404
372736,374783,6524
374784,376831,6483
376832,378879,6349
378880,380927,6473
380928,382975,6565
382976,385023,6588
385024,387071,6666
387072,389119,6729
389120,391167,6658
391168,393215,6784
393216,395263,6826
395264,397311,6785
397312,399359,6928
399360,401407,7132
401408,403455,7216
403456,405503,7073
405504,407551,6992
407552,409599,6971
409600,411647,6918
411648,413695,6746
413696,415743,6891
415744,417791,6748
417792,419839,6614
419840,421887,6615
421888,423935,6537
423936,425983,6424
425984,428031,6379
428032,430079,6143
430080,432127,6110
432128,434175,6204
434176,436223,6154
436224,438271,5947
438272,440319,5773
440320,442367,5997
442368,444415,5764
444416,446463,5651
446464,448511,5679
448512,450559,5710
450560,452607,5633
452608,454655,5517
454656,456703,5441
456704,458751,5434
458752,460799,5495
460800,462847,5466
462848,464895,5336
464896,466943,5410
466944,468991,5584
468992,471039,5572
471040,473087,5644
473088,475135,5748
475136,477183,5696
477184,479231,5592
479232,481279,6025
481280,483327,5898
483328,485375,6164
485376,487423,5987
487424,489471,6148
489472,491519,6157
491520,493567,6069
493568,495615,5982
495616,497663,5977
497664,499711,5796
499712,501759,5549
501760,503807,5491
503808,505855,5314
505856,507903,5401
507904,509951,5213
509952,511999,5157
512000,514047,5084
514048,516095,4870
516096,518143,5059
518144,520191,5029
520192,522239,5009
522240,524287,4833
524288,528383,9375
528384,532479,9321
532480,536575,9261
536576,540671,9249
540672,544767,9012
544768,548863,9115
548864,552959,8856
552960,557055,8884
557056,561151,9087
561152,565247,9018
565248,569343,9187
569344,573439,9539
573440,577535,9363
577536,581631,9576
581632,585727,9811
585728,589823,9394
589824,593919,9188
593920,598015,8773
598016,602111,8584
602112,606207,8417
606208,610303,8195
610304,614399,8082
614400,618495,8063
618496,622591,7786
622592,626687,7637
626688,630783,7485
630784,634879,7266
634880,638975,7279
638976,643071,7100
643072,647167,7136
647168,651263,6881
651264,655359,6850
655360,659455,6683
659456,663551,6769
663552,667647,6475
667648,671743,6418
671744,675839,6203
675840,679935,6117
679936,684031,6044
684032,688127,5867
688128,692223,5817
692224,696319,5811
696320,700415,5707
700416,704511,5596
704512,708607,5563
708608,712703,5540
712704,716799,5495
716800,720895,5538
720896,724991,5597
724992,729087,5530
729088,733183,5174
733184,737279,5189
737280,741375,5049
741376,745471,4977
745472,749567,5027
749568,753663,4970
753664,757759,4962
757760,761855,5007
761856,765951,5001
765952,770047,4908
770048,774143,4901
774144,778239,4942
778240,782335,5137
782336,786431,4678
786432,790527,4657
790528,794623,4587
794624,798719,4582
798720,802815,4583
802816,806911,4216
806912,811007,4187
811008,815103,4174
815104,819199,4187
819200,823295,4190
823296,827391,4282
827392,831487,4242
831488,835583,4338
835584,839679,4401
839680,843775,4289
843776,847871,4129
847872,851967,3935
851968,856063,3939
856064,860159,3766
860160,864255,3590
864256,868351,3524
868352,872447,3504
872448,876543,3555
876544,880639,3403
880640,884735,3387
884736,888831,3295
888832,892927,3185
892928,897023,3132
897024,901119,3267
901120,905215,3293
905216,909311,3012
909312,913407,3092
913408,917503,3252
917504,921599,3505
921600,925695,3286
925696,929791,3285
929792,933887,3106
933888,937983,3086
937984,942079,3143
942080,946175,3211
946176,950271,3396
950272,954367,3354
954368,958463,3249
958464,962559,3086
962560,966655,3064
966656,970751,2991
970752,974847,2853
974848,978943,2866
978944,983039,2851
983040,987135,2761
987136,991231,2624
991232,995327,2680
995328,999423,2857
999424,1003519,2701
1003520,1007615,2559
1007616,1011711,2479
1011712,1015807,2330
1015808,1019903,2487
1019904,1023999,2490
1024000,1028095,2336
1028096,1032191,2312
1032192,1036287,2300
1036288,1040383,2309
1040384,1044479,2200
1044480,1048575,2223
1048576,1056767,4284
1056768,1064959,4102
1064960,1073151,4008
1073152,1081343,3884
1081344,1089535,4137
1089536,1097727,4230
1097728,1105919,4234
1105920,1114111,4054
1114112,1122303,4206
1122304,1130495,4118
1130496,1138687,4135
1138688,1146879,4053
1146880,1155071,3894
1155072,1163263,3703
1163264,1171455,3526
1171456,1179647,3525
1179648,1187839,3599
1187840,1196031,3456
1196032,1204223,3490
1204224,1212415,3530
1212416,1220607,3524
1220608,1228799,3441
1228800,1236991,3322
1236992,1245183,3483
1245184,1253375,3374
1253376,1261567,3369
1261568,1269759,3260
1269760,1277951,3220
1277952,1286143,3262
1286144,1294335,3167
1294336,1302527,3133
1302528,1310719,3141
1310720,1318911,3034
1318912,1327103,3014
1327104,1335295,2976
1335296,1343487,2837
1343488,1351679,2752
1351680,1359871,2838
1359872,1368063,2722
1368064,1376255,2700
1376256,1384447,2789
1384448,1392639,2686
1392640,1400831,2660
1400832,1409023,2565
1409024,1417215,2598
1417216,1425407,2403
1425408,1433599,2405
1433600,1441791,2288
1441792,1449983,2393
1449984,1458175,2454
1458176,1466367,2550
1466368,1474559,2465
1474560,1482751,2457
1482752,1490943,2607
1490944,1499135,2490
1499136,1507327,2514
1507328,1515519,2502
1515520,1523711,2549
1523712,1531903,2483
1531904,1540095,2507
1540096,1548287,2406
1548288,1556479,2201
1556480,1564671,2193
1564672,1572863,2320
1572864,1581055,2181
1581056,1589247,2186
1589248,1597439,2113
1597440,1605631,2135
1605632,1613823,2024
1613824,1622015,1999
1622016,1630207,1989
1630208,1638399,1946
1638400,1646591,2042
1646592,1654783,1942
1654784,1662975,1834
1662976,1671167,1845
1671168,1679359,1853
1679360,1687551,1733
1687552,1695743,1833
1695744,1703935,1756
1703936,1712127,1740
1712128,1720319,1815
1720320,1728511,1785
1728512,1736703,1730
1736704,1744895,1667
1744896,1753087,1691
1753088,1761279,1734
1761280,1769471,1658
1769472,1777663,1663
1777664,1785855,1600
1785856,1794047,1660
1794048,1802239,1535
1802240,1810431,1626
1810432,1818623,1612
1818624,1826815,1668
1826816,1835007,1546
1835008,1843199,1562
1843200,1851391,1614
1851392,1859583,1532
1859584,1867775,1591
1867776,1875967,1556
1875968,1884159,1545
1884160,1892351,1483
1892352,1900543,1560
1900544,1908735,1555
1908736,1916927,1460
1916928,1925119,1480
1925120,1933311,1428
1933312,1941503,1420
1941504,1949695,1392
1949696,1957887,1335
1957888,1966079,1352
1966080,1974271,1334
1974272,1982463,1497
1982464,1990655,1472
1990656,1998847,2357
1998848,2007039,7081
2007040,2015231,12218
2015232,2023423,8558
2023424,2031615,5935
2031616,2039807,4119
2039808,2047999,2834
2048000,2056191,2319
2056192,2064383,1943
2064384,2072575,1724
2072576,2080767,1625
2080768,2088959,1475
2088960,2097151,1317
2097152,2113535,2599
2113536,2129919,2433
2129920,2146303,2372
2146304,2162687,2391
2162688,2179071,2296
2179072,2195455,2273
2195456,2211839,2161
2211840,2228223,2226
2228224,2244607,2089
2244608,2260991,2124
2260992,2277375,2189
2277376,2293759,2117
2293760,2310143,2070
2310144,2326527,2074
2326528,2342911,1953
2342912,2359295,1928
2359296,2375679,1870
2375680,2392063,1887
2392064,2408447,1827
2408448,2424831,1828
2424832,2441215,1884
2441216,2457599,1836
2457600,2473983,1865
2473984,2490367,1873
2490368,2506751,1774
2506752,2523135,1695
2523136,2539519,1686
2539520,2555903,1808
2555904,2572287,1712
2572288,2588671,1732
2588672,2605055,1721
2605056,2621439,1571
2621440,2637823,1648
2637824,2654207,1580
2654208,2670591,1605
2670592,2686975,1578
2686976,2703359,1597
2703360,2719743,1425
2719744,2736127,1460
2736128,2752511,1493
2752512,2768895,1465
2768896,2785279,1483
2785280,2801663,1343
2801664,2818047,1315
2818048,2834431,1374
2834432,2850815,1376
2850816,2867199,1325
2867200,2883583,1289
2883584,2899967,1265
2899968,2916351,1333
2916352,2932735,1277
2932736,2949119,1253
2949120,2965503,1242
2965504,2981887,1222
2981888,2998271,1207
2998272,3014655,1321
3014656,3031039,1205
3031040,3047423,1150
3047424,3063807,1057
3063808,3080191,1038
3080192,3096575,1083
3096576,3112959,1006
3112960,3129343,1027
3129344,3145727,1031
3145728,3162111,1011
3162112,3178495,996
3178496,3194879,978
3194880,3211263,889
3211264,3227647,977
3227648,3244031,980
3244032,3260415,914
3260416,3276799,989
3276800,3293183,947
3293184,3309567,973
3309568,3325951,977
3325952,3342335,873
3342336,3358719,869
3358720,3375103,887
3375104,3391487,863
3391488,3407871,928
3407872,3424255,876
3424256,3440639,878
3440640,3457023,820
3457024,3473407,834
3473408,3489791,768
3489792,3506175,841
3506176,3522559,761
3522560,3538943,770
3538944,3555327,792
3555328,3571711,801
3571712,3588095,807
3588096,3604479,799
3604480,3620863,817
3620864,3637247,867
3637248,3653631,797
3653632,3670015,787
3670016,3686399,815
3686400,3702783,698
3702784,3719167,785
3719168,3735551,713
3735552,3751935,703
3751936,3768319,763
3768320,3784703,711
3784704,3801087,753
3801088,3817471,783
3817472,3833855,672
3833856,3850239,710
3850240,3866623,712
3866624,3883007,735
3883008,3899391,696
3899392,3915775,695
3915776,3932159,750
3932160,3948543,663
3948544,3964927,742
3964928,3981311,702
3981312,3997695,759
3997696,4014079,1093
4014080,4030463,3204
4030464,4046847,5658
4046848,4063231,5235
4063232,4079615,4423
4079616,4095999,3639
4096000,4112383,2780
4112384,4128767,2021
4128768,4145151,1480
4145152,4161535,1367
4161536,4177919,1183
4177920,4194303,1004
4194304,4227071,1748
4227072,4259839,1572
4259840,4292607,1572
4292608,4325375,1361
4325376,4358143,1411
4358144,4390911,1310
4390912,4423679,1278
4423680,4456447,1316
4456448,4489215,1183
4489216,4521983,1186
4521984,4554751,1140
4554752,4587519,1129
4587520,4620287,1118
4620288,4653055,1137
4653056,4685823,1126
4685824,4718591,1127
4718592,4751359,1140
4751360,4784127,1087
4784128,4816895,1040
4816896,4849663,1121
4849664,4882431,1086
4882432,4915199,1015
4915200,4947967,1082
4947968,4980735,1064
4980736,5013503,1305
5013504,5046271,1191
5046272,5079039,1095
5079040,5111807,1074
5111808,5144575,1044
5144576,5177343,954
5177344,5210111,1019
5210112,5242879,956
5242880,5275647,1019
5275648,5308415,938
5308416,5341183,968
5341184,5373951,950
5373952,5406719,882
5406720,5439487,966
5439488,5472255,973
5472256,5505023,1042
5505024,5537791,937
5537792,5570559,898
5570560,5603327,952
5603328,5636095,956
5636096,5668863,928
5668864,5701631,959
5701632,5734399,1144
5734400,5767167,1066
5767168,5799935,1003
5799936,5832703,984
5832704,5865471,987
5865472,5898239,934
5898240,5931007,954
5931008,5963775,962
5963776,5996543,1040
5996544,6029311,1197
6029312,6062079,1559
6062080,6094847,1761
6094848,6127615,1700
6127616,6160383,1645
6160384,6193151,1530
6193152,6225919,1189
6225920,6258687,964
6258688,6291455,948
6291456,6324223,976
6324224,6356991,959
6356992,6389759,874
6389760,6422527,759
6422528,6455295,838
6455296,6488063,794
6488064,6520831,861
6520832,6553599,833
6553600,6586367,766
6586368,6619135,825
6619136,6651903,750
6651904,6684671,723
6684672,6717439,703
6717440,6750207,699
6750208,6782975,657
6782976,6815743,781
6815744,6848511,714
6848512,6881279,690
6881280,6914047,735
6914048,6946815,705
6946816,6979583,686
6979584,7012351,808
7012352,7045119,686
7045120,7077887,710
7077888,7110655,675
7110656,7143423,662
7143424,7176191,610
7176192,7208959,627
7208960,7241727,695
7241728,7274495,637
7274496,7307263,653
7307264,7340031,736
7340032,7372799,613
7372800,7405567,657
7405568,7438335,651
7438336,7471103,650
7471104,7503871,667
7503872,7536639,684
7536640,7569407,661
7569408,7602175,577
7602176,7634943,660
7634944,7667711,685
7667712,7700479,662
7700480,7733247,668
7733248,7766015,628
7766016,7798783,618
7798784,7831551,637
7831552,7864319,617
7864320,7897087,703
7897088,7929855,644
7929856,7962623,641
7962624,7995391,633
7995392,8028159,758
8028160,8060927,772
8060928,8093695,846
8093696,8126463,993
8126464,8159231,1037
8159232,8191999,1042
8192000,8224767,1063
8224768,8257535,926
8257536,8290303,754
8290304,8323071,730
8323072,8355839,698
8355840,8388607,733
8388608,8454143,1358
8454144,8519679,1282
8519680,8585215,1247
8585216,8650751,1235
8650752,8716287,1292
8716288,8781823,1262
8781824,8847359,1226
8847360,8912895,1231
8912896,8978431,1241
8978432,9043967,1306
9043968,9109503,1198
9109504,9175039,1116
9175040,9240575,1184
9240576,9306111,1183
9306112,9371647,1141
9371648,9437183,1182
9437184,9502719,1147
9502720,9568255,1012
9568256,9633791,1167
9633792,9699327,1193
9699328,9764863,1196
9764864,9830399,1225
9830400,9895935,1351
9895936,9961471,1507
9961472,10027007,2028
10027008,10092543,1576
10092544,10158079,1676
10158080,10223615,1712
10223616,10289151,1701
10289152,10354687,1575
10354688,10420223,1515
10420224,10485759,1405
10485760,10551295,1263
10551296,10616831,1251
10616832,10682367,1220
10682368,10747903,1207
10747904,10813439,1179
10813440,10878975,1123
10878976,10944511,1179
10944512,11010047,1149
11010048,11075583,1162
11075584,11141119,1083
11141120,11206655,1147
11206656,11272191,1093
11272192,11337727,1109
11337728,11403263,1074
11403264,11468799,957
11468800,11534335,1055
11534336,11599871,1013
11599872,11665407,1021
11665408,11730943,1068
11730944,11796479,957
11796480,11862015,982
11862016,11927551,970
11927552,11993087,979
11993088,12058623,1091
12058624,12124159,1056
12124160,12189695,1148
12189696,12255231,1101
12255232,12320767,1151
12320768,12386303,1102
12386304,12451839,1063
12451840,12517375,967
12517376,12582911,937
12582912,12648447,961
12648448,12713983,922
12713984,12779519,893
12779520,12845055,911
12845056,12910591,863
12910592,12976127,845
12976128,13041663,927
13041664,13107199,831
13107200,13172735,764
13172736,13238271,759
13238272,13303807,761
13303808,13369343,747
13369344,13434879,831
13434880,13500415,777
13500416,13565951,822
13565952,13631487,790
13631488,13697023,802
13697024,13762559,730
13762560,13828095,860
13828096,13893631,821
13893632,13959167,738
13959168,14024703,888
14024704,14090239,1282
14090240,14155775,5867
14155776,14221311,16716
14221312,14286847,25680
14286848,14352383,33911
14352384,14417919,42394
14417920,14483455,51210
14483456,14548991,59494
14548992,14614527,67506
14614528,14680063,71770
14680064,14745599,79197
14745600,14811135,86928
14811136,14876671,93688
14876672,14942207,100951
14942208,15007743,107770
15007744,15073279,119407
15073280,15138815,151639
15138816,15204351,148964
15204352,15269887,130930
15269888,15335423,114160
15335424,15400959,101663
15400960,15466495,91687
15466496,15532031,81333
15532032,15597567,71453
15597568,15663103,60018
15663104,15728639,51038
15728640,15794175,43199
15794176,15859711,34705
15859712,15925247,27326
15925248,15990783,19456
15990784,16056319,12641
16056320,16121855,5488
16121856,16187391,2953
16187392,16252927,2790
16252928,16318463,2781
16318464,16383999,2614
16384000,16449535,2580
16449536,16515071,2548
16515072,16580607,2464
16580608,16646143,2349
16646144,16711679,2227
16711680,16777215,2206
16777216,16908287,4428
16908288,17039359,4254
17039360,17170431,4126
17170432,17301503,3882
17301504,17432575,3900
17432576,17563647,3860
17563648,17694719,3773
17694720,17825791,3740
17825792,17956863,3791
17956864,18087935,3771
18087936,18219007,3824
18219008,18350079,3826
18350080,18481151,3819
18481152,18612223,3832
18612224,18743295,3699
18743296,18874367,3588
18874368,19005439,3831
19005440,19136511,3650
19136512,19267583,3532
19267584,19398655,3473
19398656,19529727,3561
19529728,19660799,3549
19660800,19791871,3672
19791872,19922943,3718
19922944,20054015,4330
20054016,20185087,4192
20185088,20316159,3966
20316160,20447231,4061
20447232,20578303,6771
20578304,20709375,9207
20709376,20840447,9105
20840448,20971519,7950
20971520,21102591,6066
21102592,21233663,6051
21233664,21364735,6439
21364736,21495807,7845
21495808,21626879,8113
21626880,21757951,7543
21757952,21889023,7289
21889024,22020095,5999
22020096,22151167,4824
22151168,22282239,4830
22282240,22413311,5474
22413312,22544383,6172
22544384,22675455,4218
22675456,22806527,4008
22806528,22937599,3830
22937600,23068671,3532
23068672,23199743,3370
23199744,23330815,3088
23330816,23461887,3029
23461888,23592959,2939
23592960,23724031,2769
23724032,23855103,2957
23855104,23986175,2644
23986176,24117247,2802
24117248,24248319,2644
24248320,24379391,2815
24379392,24510463,2850
24510464,24641535,2809
24641536,24772607,3072
24772608,24903679,3099
24903680,25034751,3252
25034752,25165823,3146
25165824,25296895,3179
25296896,25427967,3297
25427968,25559039,3710
25559040,25690111,3661
25690112,25821183,4286
25821184,25952255,6344
25952256,26083327,3967
26083328,26214399,2853
26214400,26345471,2849
26345472,26476543,2889
26476544,26607615,2815
26607616,26738687,2939
26738688,26869759,2689
26869760,27000831,2692
27000832,27131903,2587
27131904,27262975,2713
27262976,27394047,2597
27394048,27525119,2613
27525120,27656191,2666
27656192,27787263,2535
27787264,27918335,2679
27918336,28049407,2631
28049408,28180479,2635
28180480,28311551,2621
28311552,28442623,2782
28442624,28573695,2799
28573696,28704767,3104
28704768,28835839,2989
28835840,28966911,3744
28966912,29097983,5963
29097984,29229055,4562
29229056,29360127,3972
29360128,29491199,3915
29491200,29622271,4351
29622272,29753343,4307
29753344,29884415,4465
29884416,30015487,16306
30015488,30146559,21923
30146560,30277631,5736
30277632,30408703,6226
30408704,30539775,5399
30539776,30670847,4370
30670848,30801919,4136
30801920,30932991,3765
30932992,31064063,3390
31064064,31195135,3037
31195136,31326207,2775
31326208,31457279,2623
31457280,31588351,2498
31588352,31719423,2462
31719424,31850495,2339
31850496,31981567,2336
31981568,32112639,2329
32112640,32243711,2216
32243712,32374783,2097
32374784,32505855,2094
32505856,32636927,2138
32636928,32767999,2150
32768000,32899071,2119
32899072,33030143,2072
33030144,33161215,2000
33161216,33292287,2026
33292288,33423359,2097
33423360,33554431,2126
33554432,33816575,3815
33816576,34078719,3922
34078720,34340863,3741
34340864,34603007,4004
34603008,34865151,3980
34865152,35127295,4247
35127296,35389439,3750
35389440,35651583,3784
35651584,35913727,3768
35913728,36175871,3934
36175872,36438015,3732
36438016,36700159,3608
36700160,36962303,3680
36962304,37224447,5212
37224448,37486591,3523
37486592,37748735,3453
37748736,38010879,3432
38010880,38273023,3437
38273024,38535167,3516
38535168,38797311,3540
38797312,39059455,3582
39059456,39321599,3415
39321600,39583743,3358
39583744,39845887,3488
39845888,40108031,3796
40108032,40370175,3432
40370176,40632319,3503
40632320,40894463,3617
40894464,41156607,3760
41156608,41418751,3451
41418752,41680895,3313
41680896,41943039,3247
41943040,42205183,3224
42205184,42467327,3216
42467328,42729471,3211
42729472,42991615,3260
42991616,43253759,3241
43253760,43515903,3310
43515904,43778047,3162
43778048,44040191,3219
44040192,44302335,3118
44302336,44564479,3199
44564480,44826623,3205
44826624,45088767,3278
45088768,45350911,3179
45350912,45613055,3116
45613056,45875199,3116
45875200,46137343,3299
46137344,46399487,3083
46399488,46661631,3054
46661632,46923775,2947
46923776,47185919,3139
47185920,47448063,3008
47448064,47710207,3096
47710208,47972351,2994
47972352,48234495,3118
48234496,48496639,3076
48496640,48758783,3099
48758784,49020927,3101
49020928,49283071,3383
49283072,49545215,3397
49545216,49807359,3423
49807360,50069503,8086
50069504,50331647,5173
50331648,50593791,3687
50593792,50855935,3330
50855936,51118079,3121
51118080,51380223,2886
51380224,51642367,2837
51642368,51904511,2800
51904512,52166655,2975
52166656,52428799,2808
52428800,52690943,2677
52690944,52953087,2704
52953088,53215231,2798
53215232,53477375,2723
53477376,53739519,2729
53739520,54001663,2601
54001664,54263807,2689
54263808,54525951,2522
54525952,54788095,2596
54788096,55050239,2602
55050240,55312383,2564
55312384,55574527,2585
55574528,55836671,2487
55836672,56098815,2533
56098816,56360959,2561
56360960,56623103,2580
56623104,56885247,2427
56885248,57147391,2592
57147392,57409535,2493
57409536,57671679,2571
57671680,57933823,2444
57933824,58195967,2570
58195968,58458111,2544
58458112,58720255,2443
58720256,58982399,2504
58982400,59244543,2606
59244544,59506687,2636
59506688,59768831,2556
59768832,60030975,2796
60030976,60293119,2841
60293120,60555263,2611
60555264,60817407,2504
60817408,61079551,2557
61079552,61341695,2463
61341696,61603839,2565
61603840,61865983,2545
61865984,62128127,2602
62128128,62390271,2399
62390272,62652415,2473
62652416,62914559,2470
62914560,63176703,2484
63176704,63438847,2365
63438848,63700991,2305
63700992,63963135,2379
63963136,64225279,2317
64225280,64487423,2298
64487424,64749567,2275
64749568,65011711,2304
65011712,65273855,2278
65273856,65535999,2370
65536000,65798143,2357
65798144,66060287,2270
66060288,66322431,2332
66322432,66584575,2207
66584576,66846719,2207
66846720,67108863,2188
67108864,67633151,4278
67633152,68157439,4420
68157440,68681727,4395
68681728,69206015,4518
69206016,69730303,4536
69730304,70254591,4648
70254592,70778879,4741
70778880,71303167,4713
71303168,71827455,4595
71827456,72351743,4719
72351744,72876031,4339
72876032,73400319,4558
73400320,73924607,4376
73924608,74448895,4587
74448896,74973183,4428
74973184,75497471,4450
75497472,76021759,4225
76021760,76546047,4221
76546048,77070335,4160
77070336,77594623,4291
77594624,78118911,4201
78118912,78643199,4242
78643200,79167487,4086
79167488,79691775,4186
79691776,80216063,4194
80216064,80740351,4085
80740352,81264639,4086
81264640,81788927,3999
81788928,82313215,4094
82313216,82837503,4079
82837504,83361791,3977
83361792,83886079,4125
83886080,84410367,4208
84410368,84934655,4388
84934656,85458943,4913
85458944,85983231,4903
85983232,86507519,5027
86507520,87031807,5085
87031808,87556095,4979
87556096,88080383,4999
88080384,88604671,4896
88604672,89128959,4771
89128960,89653247,4648
89653248,90177535,4632
90177536,90701823,4375
90701824,91226111,4213
91226112,91750399,4178
91750400,92274687,4279
92274688,92798975,4212
92798976,93323263,4118
93323264,93847551,4011
93847552,94371839,4123
94371840,94896127,4185
94896128,95420415,4202
95420416,95944703,4138
95944704,96468991,4284
96468992,96993279,4189
96993280,97517567,4201
97517568,98041855,4237
98041856,98566143,4651
98566144,99090431,5229
99090432,99614719,7508
99614720,100139007,24567
100139008,100663295,24902
100663296,101187583,21929
101187584,101711871,17876
101711872,102236159,14052
102236160,102760447,12286
102760448,103284735,11459
103284736,103809023,10199
103809024,104333311,10183
104333312,104857599,9647
104857600,105381887,9188
105381888,105906175,8615
105906176,106430463,8353
106430464,106954751,7957
106954752,107479039,8308
107479040,108003327,7760
108003328,108527615,7714
108527616,109051903,7459
109051904,109576191,7811
109576192,110100479,7173
110100480,110624767,6978
110624768,111149055,7100
111149056,111673343,6681
111673344,112197631,6770
112197632,112721919,6396
112721920,113246207,6419
113246208,113770495,5963
113770496,114294783,6412
114294784,114819071,6142
114819072,115343359,6038
115343360,115867647,6098
115867648,116391935,5949
116391936,116916223,5769
116916224,117440511,5594
117440512,117964799,5772
117964800,118489087,5725
118489088,119013375,5649
119013376,119537663,5644
119537664,120061951,5400
120061952,120586239,5569
120586240,121110527,5339
121110528,121634815,5319
121634816,122159103,5159
122159104,122683391,5131
122683392,123207679,5265
123207680,123731967,5057
123731968,124256255,5142
124256256,124780543,5005
124780544,125304831,4868
125304832,125829119,4901
125829120,126353407,4802
126353408,126877695,4778
126877696,127401983,4749
127401984,127926271,4726
127926272,128450559,4854
128450560,128974847,4572
128974848,129499135,4746
129499136,130023423,4788
130023424,130547711,4825
130547712,131071999,4702
131072000,131596287,4574
131596288,132120575,4473
132120576,132644863,4541
132644864,133169151,4415
133169152,133693439,4478
133693440,134217727,4270
134217728,135266303,8606
135266304,136314879,8612
136314880,137363455,8316
137363456,138412031,8430
138412032,139460607,8312
139460608,140509183,7998
140509184,141557759,7897
141557760,142606335,7908
142606336,143654911,7805
143654912,144703487,7933
144703488,145752063,7821
145752064,146800639,7372
146800640,147849215,7739
147849216,148897791,7632
148897792,149946367,7332
149946368,150994943,7694
150994944,152043519,7323
152043520,153092095,7361
153092096,154140671,7148
154140672,155189247,7071
155189248,156237823,6907
156237824,157286399,6818
157286400,158334975,6879
158334976,159383551,6674
159383552,160432127,6982
160432128,161480703,6647
161480704,162529279,6817
162529280,163577855,6714
163577856,164626431,6507
164626432,165675007,6250
165675008,166723583,6446
166723584,167772159,6158
167772160,168820735,6180
168820736,169869311,6073
169869312,170917887,6305
170917888,171966463,6235
171966464,173015039,6026
173015040,174063615,5962
174063616,175112191,6009
175112192,176160767,5930
176160768,177209343,5929
177209344,178257919,6035
178257920,179306495,5989
179306496,180355071,6081
180355072,181403647,6020
181403648,182452223,5945
182452224,183500799,6018
183500800,184549375,5934
184549376,185597951,6333
185597952,186646527,6201
186646528,187695103,6056
187695104,188743679,6375
188743680,189792255,6098
189792256,190840831,6058
190840832,191889407,5824
191889408,192937983,5772
192937984,193986559,5875
193986560,195035135,5833
195035136,196083711,5804
196083712,197132287,5775
197132288,198180863,5728
198180864,199229439,6015
199229440,200278015,16122
200278016,201326591,11862
201326592,202375167,8528
202375168,203423743,7865
203423744,204472319,7346
204472320,205520895,7078
205520896,206569471,6616
206569472,207618047,6532
207618048,208666623,6579
208666624,209715199,6271
209715200,210763775,6298
210763776,211812351,6001
211812352,212860927,5857
212860928,213909503,5870
213909504,214958079,5662
214958080,216006655,5466
216006656,217055231,5722
217055232,218103807,5572
218103808,219152383,5673
219152384,220200959,5438
220200960,221249535,5173
221249536,222298111,5487
222298112,223346687,5133
223346688,224395263,5257
224395264,225443839,5255
225443840,226492415,5181
226492416,227540991,5168
227540992,228589567,5147
228589568,229638143,5035
229638144,230686719,5257
230686720,231735295,5254
231735296,232783871,5073
232783872,233832447,5291
233832448,234881023,5342
234881024,235929599,5386
235929600,236978175,5288
236978176,238026751,5354
238026752,239075327,5330
239075328,240123903,5503
240123904,241172479,5728
241172480,242221055,5654
242221056,243269631,5858
243269632,244318207,6122
244318208,245366783,6345
245366784,246415359,6435
246415360,247463935,7174
247463936,248512511,8106
248512512,249561087,10313
249561088,250609663,18967
250609664,251658239,10614
251658240,252706815,8053
252706816,253755391,7297
253755392,254803967,6971
254803968,255852543,6579
255852544,256901119,6094
256901120,257949695,5889
257949696,258998271,5467
258998272,260046847,5750
260046848,261095423,5457
261095424,262143999,5442
262144000,263192575,5536
263192576,264241151,5485
264241152,265289727,5408
265289728,266338303,5327
266338304,267386879,5147
267386880,268435455,4636
268435456,270532607,9422
270532608,272629759,9639
272629760,274726911,9149
274726912,276824063,8738
276824064,278921215,8543
278921216,281018367,8816
281018368,283115519,8341
283115520,285212671,9170
285212672,287309823,9213
287309824,289406975,9028
289406976,291504127,8549
291504128,293601279,8279
293601280,295698431,8718
295698432,297795583,8519
297795584,299892735,9697
299892736,301989887,14843
301989888,304087039,9624
304087040,306184191,8951
306184192,308281343,8447
308281344,310378495,8094
310378496,312475647,7852
312475648,314572799,7676
314572800,316669951,7830
316669952,318767103,7557
318767104,320864255,7541
320864256,322961407,7504
322961408,325058559,7494
325058560,327155711,7489
327155712,329252863,7411
329252864,331350015,7445
331350016,333447167,7262
333447168,335544319,7249
335544320,337641471,7158
337641472,339738623,7151
339738624,341835775,7315
341835776,343932927,7245
343932928,346030079,6987
346030080,348127231,7266
348127232,350224383,8389
350224384,352321535,7156
352321536,354418687,7053
354418688,356515839,7134
356515840,358612991,6893
358612992,360710143,6933
360710144,362807295,6907
362807296,364904447,6960
364904448,367001599,7075
367001600,369098751,6903
369098752,371195903,7124
371195904,373293055,6905
373293056,375390207,6813
375390208,377487359,6874
377487360,379584511,6813
379584512,381681663,6842
381681664,383778815,6863
383778816,385875967,6879
385875968,387973119,6825
387973120,390070271,6858
390070272,392167423,6823
392167424,394264575,6809
394264576,396361727,6760
396361728,398458879,6847
398458880,400556031,7573
400556032,402653183,7413
402653184,404750335,6570
404750336,406847487,6540
406847488,408944639,6660
408944640,411041791,6856
411041792,413138943,6654
413138944,415236095,6708
415236096,417333247,6495
417333248,419430399,6490
419430400,421527551,6487
421527552,423624703,6290
423624704,425721855,6323
425721856,427819007,6263
427819008,429916159,6273
429916160,432013311,6232
432013312,434110463,6274
434110464,436207615,6297
436207616,438304767,6087
438304768,440401919,6130
440401920,442499071,6221
442499072,444596223,6189
444596224,446693375,6064
446693376,448790527,6111
448790528,450887679,6198
450887680,452984831,5914
452984832,455081983,6000
455081984,457179135,6149
457179136,459276287,5966
459276288,461373439,6288
461373440,463470591,6100
463470592,465567743,6086
465567744,467664895,5915
467664896,469762047,6267
469762048,471859199,6745
471859200,473956351,6144
473956352,476053503,6053
476053504,478150655,6028
478150656,480247807,6084
480247808,482344959,6392
482344960,484442111,6900
484442112,486539263,10799
486539264,488636415,9431
488636416,490733567,7721
490733568,492830719,7558
492830720,494927871,8831
494927872,497025023,9135
497025024,499122175,11765
499122176,501219327,26625
501219328,503316479,17134
503316480,505413631,13191
505413632,507510783,9251
507510784,509607935,8814
509607936,511705087,8866
511705088,513802239,8674
513802240,515899391,8112
515899392,517996543,7512
517996544,520093695,7374
520093696,522190847,7133
522190848,524287999,6690
524288000,526385151,6691
526385152,528482303,6421
528482304,530579455,6465
530579456,532676607,6248
532676608,534773759,6136
534773760,536870911,5918
536870912,541065215,12039
541065216,545259519,11693
545259520,549453823,11635
549453824,553648127,11741
553648128,557842431,11178
557842432,562036735,11074
562036736,566231039,11022
566231040,570425343,11137
570425344,574619647,10854
574619648,578813951,10851
578813952,583008255,10865
583008256,587202559,10776
587202560,591396863,10594
591396864,595591167,10590
595591168,599785471,10740
599785472,603979775,11320
603979776,608174079,11015
608174080,612368383,10528
612368384,616562687,10332
616562688,620756991,10172
620756992,624951295,10167
624951296,629145599,9825
629145600,633339903,10016
633339904,637534207,9490
637534208,641728511,10023
641728512,645922815,9701
645922816,650117119,9677
650117120,654311423,9653
654311424,658505727,9761
658505728,662700031,9576
662700032,666894335,9641
666894336,671088639,9418
671088640,675282943,9271
675282944,679477247,9533
679477248,683671551,9233
683671552,687865855,9358
687865856,692060159,9487
692060160,696254463,9250
696254464,700448767,9186
700448768,704643071,9630
704643072,708837375,9224
708837376,713031679,9035
713031680,717225983,9044
717225984,721420287,9138
721420288,725614591,9251
725614592,729808895,9440
729808896,734003199,9233
734003200,738197503,9728
738197504,742391807,10093
742391808,746586111,10845
746586112,750780415,14410
750780416,754974719,12638
754974720,759169023,11334
759169024,763363327,11192
763363328,767557631,10936
767557632,771751935,9969
771751936,775946239,9233
775946240,780140543,8850
780140544,784334847,8995
784334848,788529151,8852
788529152,792723455,8427
792723456,796917759,8422
796917760,801112063,8825
801112064,805306367,8401
805306368,809500671,8375
809500672,813694975,8370
813694976,817889279,8309
817889280,822083583,8300
822083584,826277887,8045
826277888,830472191,7794
830472192,834666495,8157
834666496,838860799,7870
838860800,843055103,8019
843055104,847249407,7845
847249408,851443711,8037
851443712,855638015,7833
855638016,859832319,7951
859832320,864026623,7910
864026624,868220927,7973
868220928,872415231,7946
872415232,876609535,7676
876609536,880803839,8024
880803840,884998143,7863
884998144,889192447,7704
889192448,893386751,7989
893386752,897581055,7954
897581056,901775359,8040
901775360,905969663,7887
905969664,910163967,8003
910163968,914358271,7600
914358272,918552575,7759
918552576,922746879,7897
922746880,926941183,8339
926941184,931135487,8019
931135488,935329791,8051
935329792,939524095,8281
939524096,943718399,8413
943718400,947912703,8223
947912704,952107007,8289
952107008,956301311,8086
956301312,960495615,8353
960495616,964689919,8855
964689920,968884223,8628
968884224,973078527,10065
973078528,977272831,9167
977272832,981467135,9300
981467136,985661439,13426
985661440,989855743,13543
989855744,994050047,10893
994050048,998244351,14339
998244352,1002438655,42083
1002438656,1006632959,16717
1006632960,1010827263,13194
1010827264,1015021567,11364
1015021568,1019215871,10992
1019215872,1023410175,11689
1023410176,1027604479,28061
1027604480,1031798783,20801
1031798784,1035993087,10145
1035993088,1040187391,10675
1040187392,1044381695,9429
1044381696,1048575999,12678
1048576000,1052770303,9545
1052770304,1056964607,7482
1056964608,1061158911,7509
1061158912,1065353215,7004
1065353216,1069547519,6931
1069547520,1073741823,6896
1073741824,1082130431,14200
1082130432,1090519039,14015
1090519040,1098907647,13907
1098907648,1107296255,13702
1107296256,1115684863,13223
1115684864,1124073471,12890
1124073472,1132462079,12506
1132462080,1140850687,13091
1140850688,1149239295,12713
1149239296,1157627903,12802
1157627904,1166016511,12929
1166016512,1174405119,12865
1174405120,1182793727,12599
1182793728,1191182335,13991
1191182336,1199570943,14020
1199570944,1207959551,16573
1207959552,1216348159,12815
1216348160,1224736767,12645
1224736768,1233125375,12896
1233125376,1241513983,13223
1241513984,1249902591,15881
1249902592,1258291199,17283
1258291200,1266679807,13703
1266679808,1275068415,13882
1275068416,1283457023,13888
1283457024,1291845631,14961
1291845632,1300234239,14019
1300234240,1308622847,13985
1308622848,1317011455,12781
1317011456,1325400063,12979
1325400064,1333788671,12814
1333788672,1342177279,12380
1342177280,1350565887,12539
1350565888,1358954495,12244
1358954496,1367343103,11965
1367343104,1375731711,11461
1375731712,1384120319,11546
1384120320,1392508927,11730
1392508928,1400897535,11524
1400897536,1409286143,11547
1409286144,1417674751,11050
1417674752,1426063359,10715
1426063360,1434451967,10903
1434451968,1442840575,10539
1442840576,1451229183,10436
1451229184,1459617791,10720
1459617792,1468006399,10764
1468006400,1476395007,10195
1476395008,1484783615,10506
1484783616,1493172223,11517
1493172224,1501560831,14945
1501560832,1509949439,13260
1509949440,1518338047,11097
1518338048,1526726655,10429
1526726656,1535115263,10401
1535115264,1543503871,10144
1543503872,1551892479,9852
1551892480,1560281087,9631
1560281088,1568669695,9608
1568669696,1577058303,9460
1577058304,1585446911,9157
1585446912,1593835519,9492
1593835520,1602224127,9653
1602224128,1610612735,9294
1610612736,1619001343,9341
1619001344,1627389951,9326
1627389952,1635778559,9286
1635778560,1644167167,9244
1644167168,1652555775,9087
1652555776,1660944383,9248
1660944384,1669332991,9044
1669332992,1677721599,9376
1677721600,1686110207,9274
1686110208,1694498815,8819
1694498816,1702887423,9209
1702887424,1711276031,8878
1711276032,1719664639,8582
1719664640,1728053247,8795
1728053248,1736441855,9163
1736441856,1744830463,9688
1744830464,1753219071,11481
1753219072,1761607679,10081
1761607680,1769996287,8959
1769996288,1778384895,9025
1778384896,1786773503,9181
1786773504,1795162111,8665
1795162112,1803550719,8907
1803550720,1811939327,9024
1811939328,1820327935,8706
1820327936,1828716543,8328
1828716544,1837105151,8782
1837105152,1845493759,8638
1845493760,1853882367,8622
1853882368,1862270975,8477
1862270976,1870659583,8441
1870659584,1879048191,8604
1879048192,1887436799,8188
1887436800,1895825407,8542
1895825408,1904214015,8477
1904214016,1912602623,8305
1912602624,1920991231,8455
1920991232,1929379839,8225
1929379840,1937768447,8173
1937768448,1946157055,8258
1946157056,1954545663,8368
1954545664,1962934271,8226
1962934272,1971322879,8655
1971322880,1979711487,9146
1979711488,1988100095,10784
1988100096,1996488703,10420
1996488704,2004877311,24618
2004877312,2013265919,10957
2013265920,2021654527,9493
2021654528,2030043135,9169
2030043136,2038431743,8963
2038431744,2046820351,8894
2046820352,2055208959,8451
2055208960,2063597567,8436
2063597568,2071986175,8448
2071986176,2080374783,8545
2080374784,2088763391,8155
2088763392,2097151999,8036
2097152000,2105540607,8204
2105540608,2113929215,8389
2113929216,2122317823,7625
2122317824,2130706431,7720
2130706432,2139095039,7535
2139095040,2147483647,7505
2147483648,2164260863,15143
2164260864,2181038079,14546
2181038080,2197815295,15021
2197815296,2214592511,15254
2214592512,2231369727,14552
2231369728,2248146943,15916
2248146944,2264924159,17270
2264924160,2281701375,14996
2281701376,2298478591,15330
2298478592,2315255807,14994
2315255808,2332033023,14123
2332033024,2348810239,14102
2348810240,2365587455,14097
2365587456,2382364671,13994
2382364672,2399141887,13918
2399141888,2415919103,14522
2415919104,2432696319,13412
2432696320,2449473535,13706
2449473536,2466250751,13426
2466250752,2483027967,13891
2483027968,2499805183,15757
2499805184,2516582399,16708
2516582400,2533359615,13423
2533359616,2550136831,13269
2550136832,2566914047,13170
2566914048,2583691263,12866
2583691264,2600468479,13106
2600468480,2617245695,13285
2617245696,2634022911,12634
2634022912,2650800127,12408
2650800128,2667577343,12173
2667577344,2684354559,12655
2684354560,2701131775,12309
2701131776,2717908991,13426
2717908992,2734686207,12292
2734686208,2751463423,13538
2751463424,2768240639,13260
2768240640,2785017855,12186
2785017856,2801795071,12260
2801795072,2818572287,12541
2818572288,2835349503,11674
2835349504,2852126719,11786
2852126720,2868903935,11837
2868903936,2885681151,11804
2885681152,2902458367,12406
2902458368,2919235583,12012
2919235584,2936012799,11456
2936012800,2952790015,11894
2952790016,2969567231,12200
2969567232,2986344447,14031
2986344448,3003121663,26166
3003121664,3019898879,15869
3019898880,3036676095,12489
3036676096,3053453311,11759
3053453312,3070230527,11698
3070230528,3087007743,11833
3087007744,3103784959,11613
3103784960,3120562175,11757
3120562176,3137339391,11542
3137339392,3154116607,10540
3154116608,3170893823,10772
3170893824,3187671039,10809
3187671040,3204448255,10952
3204448256,3221225471,10711
3221225472,3238002687,10460
3238002688,3254779903,12410
3254779904,3271557119,10824
3271557120,3288334335,10346
3288334336,3305111551,10863
3305111552,3321888767,11122
3321888768,3338665983,10436
3338665984,3355443199,10774
3355443200,3372220415,10079
3372220416,3388997631,10118
3388997632,3405774847,10215
3405774848,3422552063,9850
3422552064,3439329279,9787
3439329280,3456106495,9733
3456106496,3472883711,10015
3472883712,3489660927,9820
3489660928,3506438143,11555
3506438144,3523215359,10566
3523215360,3539992575,10453
3539992576,3556769791,10203
3556769792,3573547007,9597
3573547008,3590324223,9709
3590324224,3607101439,9914
3607101440,3623878655,9697
3623878656,3640655871,9400
3640655872,3657433087,9096
3657433088,3674210303,9130
3674210304,3690987519,9239
3690987520,3707764735,9355
3707764736,3724541951,9744
3724541952,3741319167,9477
3741319168,3758096383,10788
3758096384,3774873599,9839
3774873600,3791650815,9296
3791650816,3808428031,9013
3808428032,3825205247,9055
3825205248,3841982463,8839
3841982464,3858759679,8789
3858759680,3875536895,8858
3875536896,3892314111,8898
3892314112,3909091327,8945
3909091328,3925868543,8953
3925868544,3942645759,9552
3942645760,3959422975,9453
3959422976,3976200191,9340
3976200192,3992977407,9704
3992977408,4009754623,15040
4009754624,4026531839,10267
4026531840,4043309055,9359
4043309056,4060086271,8866
4060086272,4076863487,8950
4076863488,4093640703,8847
4093640704,4110417919,8886
4110417920,4127195135,8583
4127195136,4143972351,8731
4143972352,4160749567,8956
4160749568,4177526783,8256
4177526784,4194303999,8271
4194304000,4211081215,8379
4211081216,4227858431,8270
4227858432,4244635647,8446
4244635648,4261412863,9406
4261412864,4278190079,8690
4278190080,4294967295,8118
4294967296,4328521727,16597
4328521728,4362076159,17152
4362076160,4395630591,16721
4395630592,4429185023,16179
4429185024,4462739455,16080
4462739456,4496293887,16280
4496293888,4529848319,17861
4529848320,4563402751,16362
4563402752,4596957183,16439
4596957184,4630511615,16081
4630511616,4664066047,15582
4664066048,4697620479,15032
4697620480,4731174911,15249
4731174912,4764729343,16738
4764729344,4798283775,15676
4798283776,4831838207,16257
4831838208,4865392639,15034
4865392640,4898947071,15366
4898947072,4932501503,14872
4932501504,4966055935,15247
4966055936,4999610367,24864
4999610368,5033164799,32459
5033164800,5066719231,15316
5066719232,5100273663,14513
5100273664,5133828095,14231
5133828096,5167382527,14832
5167382528,5200936959,14976
5200936960,5234491391,14361
5234491392,5268045823,14766
5268045824,5301600255,13775
5301600256,5335154687,13227
5335154688,5368709119,13359
5368709120,5402263551,14308
5402263552,5435817983,13570
5435817984,5469372415,12802
5469372416,5502926847,13749
5502926848,5536481279,13474
5536481280,5570035711,12475
5570035712,5603590143,13424
5603590144,5637144575,13180
5637144576,5670699007,12584
5670699008,5704253439,12251
5704253440,5737807871,12055
5737807872,5771362303,13048
5771362304,5804916735,12622
5804916736,5838471167,13485
5838471168,5872025599,12049
5872025600,5905580031,12081
5905580032,5939134463,12173
5939134464,5972688895,11956
5972688896,6006243327,16510
6006243328,6039797759,14848
6039797760,6073352191,12336
6073352192,6106906623,11745
6106906624,6140461055,11579
6140461056,6174015487,11481
6174015488,6207569919,11812
6207569920,6241124351,12761
6241124352,6274678783,12391
6274678784,6308233215,11557
6308233216,6341787647,11273
6341787648,6375342079,11438
6375342080,6408896511,11581
6408896512,6442450943,11884
6442450944,6476005375,11515
6476005376,6509559807,11927
6509559808,6543114239,11219
6543114240,6576668671,10486
6576668672,6610223103,11251
6610223104,6643777535,11635
6643777536,6677331967,10788
6677331968,6710886399,10561
6710886400,6744440831,10996
6744440832,6777995263,11063
6777995264,6811549695,10723
6811549696,6845104127,11801
6845104128,6878658559,11050
6878658560,6912212991,10483
6912212992,6945767423,10681
6945767424,6979321855,10448
6979321856,7012876287,13762
7012876288,7046430719,11303
7046430720,7079985151,11207
7079985152,7113539583,11088
7113539584,7147094015,9939
7147094016,7180648447,9972
7180648448,7214202879,10051
7214202880,7247757311,10278
7247757312,7281311743,10565
7281311744,7314866175,10367
7314866176,7348420607,9309
7348420608,7381975039,9333
7381975040,7415529471,9637
7415529472,7449083903,9426
7449083904,7482638335,9800
7482638336,7516192767,10376
7516192768,7549747199,9138
7549747200,7583301631,9058
7583301632,7616856063,9279
7616856064,7650410495,8887
7650410496,7683964927,9569
7683964928,7717519359,9190
7717519360,7751073791,9540
7751073792,7784628223,8920
7784628224,7818182655,9113
7818182656,7851737087,8657
7851737088,7885291519,8840
7885291520,7918845951,9502
7918845952,7952400383,8842
7952400384,7985954815,9089
7985954816,8019509247,11190
8019509248,8053063679,9507
8053063680,8086618111,8973
8086618112,8120172543,8857
8120172544,8153726975,8717
8153726976,8187281407,8636
8187281408,8220835839,8501
8220835840,8254390271,8609
8254390272,8287944703,9086
8287944704,8321499135,9262
8321499136,8355053567,8693
8355053568,8388607999,8281
8388608000,8422162431,8261
8422162432,8455716863,8181
8455716864,8489271295,8633
8489271296,8522825727,9056
8522825728,8556380159,7916
8556380160,8589934591,7922
8589934592,8657043455,16061
8657043456,8724152319,17229
8724152320,8791261183,16492
8791261184,8858370047,15677
8858370048,8925478911,16494
8925478912,8992587775,16280
8992587776,9059696639,17918
9059696640,9126805503,15689
9126805504,9193914367,15941
9193914368,9261023231,16027
9261023232,9328132095,15634
9328132096,9395240959,15741
9395240960,9462349823,14519
9462349824,9529458687,15678
9529458688,9596567551,15956
9596567552,9663676415,14247
9663676416,9730785279,14503
9730785280,9797894143,15925
9797894144,9865003007,14425
9865003008,9932111871,14449
9932111872,9999220735,19024
9999220736,10066329599,26320
10066329600,10133438463,16500
10133438464,10200547327,15160
10200547328,10267656191,15112
10267656192,10334765055,13899
10334765056,10401873919,14665
10401873920,10468982783,14296
10468982784,10536091647,14187
10536091648,10603200511,14352
10603200512,10670309375,13649
10670309376,10737418239,13363
10737418240,10804527103,13922
10804527104,10871635967,13762
10871635968,10938744831,13158
10938744832,11005853695,14978
11005853696,11072962559,13754
11072962560,11140071423,16255
11140071424,11207180287,13628
11207180288,11274289151,13734
11274289152,11341398015,12595
11341398016,11408506879,12930
11408506880,11475615743,13341
11475615744,11542724607,12325
11542724608,11609833471,11758
11609833472,11676942335,12493
11676942336,11744051199,11646
11744051200,11811160063,12204
11811160064,11878268927,12568
11878268928,11945377791,11767
11945377792,12012486655,13919
12012486656,12079595519,12562
12079595520,12146704383,12275
12146704384,12213813247,11705
12213813248,12280922111,13542
12280922112,12348030975,11501
12348030976,12415139839,11014
12415139840,12482248703,11421
12482248704,12549357567,11769
12549357568,12616466431,10888
12616466432,12683575295,11483
12683575296,12750684159,10698
12750684160,12817793023,10822
12817793024,12884901887,11495
12884901888,12952010751,11194
12952010752,13019119615,11875
13019119616,13086228479,12208
13086228480,13153337343,10679
13153337344,13220446207,10213
13220446208,13287555071,11625
13287555072,13354663935,10087
13354663936,13421772799,9861
13421772800,13488881663,9934
13488881664,13555990527,11523
13555990528,13623099391,9677
13623099392,13690208255,10194
13690208256,13757317119,9771
13757317120,13824425983,10483
13824425984,13891534847,9732
13891534848,13958643711,9944
13958643712,14025752575,10668
14025752576,14092861439,10140
14092861440,14159970303,11187
14159970304,14227079167,9909
14227079168,14294188031,9281
14294188032,14361296895,10031
14361296896,14428405759,9238
14428405760,14495514623,9234
14495514624,14562623487,10183
14562623488,14629732351,9278
14629732352,14696841215,8841
14696841216,14763950079,9694
14763950080,14831058943,9285
14831058944,14898167807,9748
14898167808,14965276671,9408
14965276672,15032385535,11957
15032385536,15099494399,9679
15099494400,15166603263,9356
15166603264,15233712127,9039
15233712128,15300820991,8489
15300820992,15367929855,9161
15367929856,15435038719,9145
15435038720,15502147583,8567
15502147584,15569256447,9211
15569256448,15636365311,8508
15636365312,15703474175,8427
15703474176,15770583039,9370
15770583040,15837691903,8919
15837691904,15904800767,7984
15904800768,15971909631,8462
15971909632,16039018495,9234
16039018496,16106127359,8200
16106127360,16173236223,8637
16173236224,16240345087,7939
16240345088,16307453951,7705
16307453952,16374562815,8008
16374562816,16441671679,7911
16441671680,16508780543,7546
16508780544,16575889407,7985
16575889408,16642998271,8305
16642998272,16710107135,7578
16710107136,16777215999,7246
16777216000,16844324863,7497
16844324864,16911433727,7997
16911433728,16978542591,8133
16978542592,17045651455,9142
17045651456,17112760319,7475
17112760320,17179869183,7026
17179869184,17314086911,15320
17314086912,17448304639,15053
17448304640,17582522367,14491
17582522368,17716740095,14143
17716740096,17850957823,15190
17850957824,17985175551,14614
17985175552,18119393279,15167
18119393280,18253611007,14149
18253611008,18387828735,13663
18387828736,18522046463,14070
18522046464,18656264191,14114
18656264192,18790481919,13490
18790481920,18924699647,14291
18924699648,19058917375,18170
19058917376,19193135103,14866
19193135104,19327352831,13307
19327352832,19461570559,12802
19461570560,19595788287,13049
19595788288,19730006015,12425
19730006016,19864223743,12506
19864223744,19998441471,14880
19998441472,20132659199,36278
20132659200,20266876927,12310
20266876928,20401094655,12520
20401094656,20535312383,11557
20535312384,20669530111,11531
20669530112,20803747839,12465
20803747840,20937965567,11457
20937965568,21072183295,13057
21072183296,21206401023,11379
21206401024,21340618751,11558
21340618752,21474836479,10899
21474836480,21609054207,11075
21609054208,21743271935,10543
21743271936,21877489663,10714
21877489664,22011707391,11071
22011707392,22145925119,10639
22145925120,22280142847,10768
22280142848,22414360575,10008
22414360576,22548578303,11004
22548578304,22682796031,10601
22682796032,22817013759,10215
22817013760,22951231487,10629
22951231488,23085449215,10870
23085449216,23219666943,9929
23219666944,23353884671,9962
23353884672,23488102399,10636
23488102400,23622320127,9560
23622320128,23756537855,10099
23756537856,23890755583,9871
23890755584,24024973311,10168
24024973312,24159191039,9837
24159191040,24293408767,9553
24293408768,24427626495,9864
24427626496,24561844223,9991
24561844224,24696061951,9648
24696061952,24830279679,10075
24830279680,24964497407,9280
24964497408,25098715135,10156
25098715136,25232932863,9371
25232932864,25367150591,9663
25367150592,25501368319,9133
25501368320,25635586047,8760
25635586048,25769803775,8985
25769803776,25904021503,8712
25904021504,26038239231,10294
26038239232,26172456959,9320
26172456960,26306674687,8519
26306674688,26440892415,8458
26440892416,26575110143,8398
26575110144,26709327871,8216
26709327872,26843545599,8257
26843545600,26977763327,8375
26977763328,27111981055,9014
27111981056,27246198783,8222
27246198784,27380416511,8590
27380416512,27514634239,7910
27514634240,27648851967,8377
27648851968,27783069695,8099
27783069696,27917287423,8134
27917287424,28051505151,8979
28051505152,28185722879,8234
28185722880,28319940607,8471
28319940608,28454158335,8256
28454158336,28588376063,8282
28588376064,28722593791,7586
28722593792,28856811519,7361
28856811520,28991029247,7701
28991029248,29125246975,9017
29125246976,29259464703,7306
29259464704,29393682431,8010
29393682432,29527900159,8055
29527900160,29662117887,7241
29662117888,29796335615,7681
29796335616,29930553343,7587
29930553344,30064771071,9392
30064771072,30198988799,7469
30198988800,30333206527,7404
30333206528,30467424255,6749
30467424256,30601641983,6514
30601641984,30735859711,6799
30735859712,30870077439,6869
30870077440,31004295167,9779
31004295168,31138512895,7374
31138512896,31272730623,6990
31272730624,31406948351,6556
31406948352,31541166079,6404
31541166080,31675383807,6582
31675383808,31809601535,7164
31809601536,31943819263,7034
31943819264,32078036991,7580
32078036992,32212254719,7267
32212254720,32346472447,6528
32346472448,32480690175,6881
32480690176,32614907903,6980
32614907904,32749125631,6451
32749125632,32883343359,6386
32883343360,33017561087,6573
33017561088,33151778815,6533
33151778816,33285996543,7385
33285996544,33420214271,6197
33420214272,33554431999,6264
33554432000,33688649727,6518
33688649728,33822867455,6281
33822867456,33957085183,6343
33957085184,34091302911,6934
34091302912,34225520639,6539
34225520640,34359738367,6402
34359738368,34628173823,11457
34628173824,34896609279,11994
34896609280,35165044735,12563
35165044736,35433480191,11174
35433480192,35701915647,11661
35701915648,35970351103,11225
35970351104,36238786559,11756
36238786560,36507222015,11051
36507222016,36775657471,11050
36775657472,37044092927,11639
37044092928,37312528383,11722
37312528384,37580963839,10831
37580963840,37849399295,10713
37849399296,38117834751,11771
38117834752,38386270207,10715
38386270208,38654705663,10619
38654705664,38923141119,10175
38923141120,39191576575,10303
39191576576,39460012031,10415
39460012032,39728447487,9978
39728447488,39996882943,10925
39996882944,40265318399,10728
40265318400,40533753855,9958
40533753856,40802189311,10699
40802189312,41070624767,12495
41070624768,41339060223,9798
41339060224,41607495679,9433
41607495680,41875931135,9137
41875931136,42144366591,10216
42144366592,42412802047,9209
42412802048,42681237503,8801
42681237504,42949672959,9218
42949672960,43218108415,9070
43218108416,43486543871,10147
43486543872,43754979327,8796
43754979328,44023414783,9045
44023414784,44291850239,8674
44291850240,44560285695,8906
44560285696,44828721151,8759
44828721152,45097156607,9175
45097156608,45365592063,8422
45365592064,45634027519,8596
45634027520,45902462975,8168
45902462976,46170898431,8415
46170898432,46439333887,8180
46439333888,46707769343,7748
46707769344,46976204799,8208
46976204800,47244640255,8862
47244640256,47513075711,7393
47513075712,47781511167,8634
47781511168,48049946623,8460
48049946624,48318382079,7525
48318382080,48586817535,7415
48586817536,48855252991,7676
48855252992,49123688447,7724
49123688448,49392123903,7891
49392123904,49660559359,7356
49660559360,49928994815,7139
49928994816,50197430271,7798
50197430272,50465865727,7513
50465865728,50734301183,7108
50734301184,51002736639,7340
51002736640,51271172095,7895
51271172096,51539607551,7454
51539607552,51808043007,6428
51808043008,52076478463,7076
52076478464,52344913919,7031
52344913920,52613349375,7707
52613349376,52881784831,6715
52881784832,53150220287,6730
53150220288,53418655743,6545
53418655744,53687091199,7016
53687091200,53955526655,6595
53955526656,54223962111,7450
54223962112,54492397567,7789
54492397568,54760833023,6308
54760833024,55029268479,6942
55029268480,55297703935,6862
55297703936,55566139391,6324
55566139392,55834574847,6376
55834574848,56103010303,7380
56103010304,56371445759,6112
56371445760,56639881215,6601
56639881216,56908316671,6429
56908316672,57176752127,7084
57176752128,57445187583,6358
57445187584,57713623039,6340
57713623040,57982058495,6123
57982058496,58250493951,6305
58250493952,58518929407,6581
58518929408,58787364863,6338
58787364864,59055800319,6022
59055800320,59324235775,6681
59324235776,59592671231,6354
59592671232,59861106687,6879
59861106688,60129542143,18274
60129542144,60397977599,7439
60397977600,60666413055,5731
60666413056,60934848511,6004
60934848512,61203283967,6140
61203283968,61471719423,5418
61471719424,61740154879,6001
61740154880,62008590335,5411
62008590336,62277025791,5622
62277025792,62545461247,5241
62545461248,62813896703,5249
62813896704,63082332159,5327
63082332160,63350767615,5091
63350767616,63619203071,5154
63619203072,63887638527,5265
63887638528,64156073983,5236
64156073984,64424509439,5054
64424509440,64692944895,4852
64692944896,64961380351,5081
64961380352,65229815807,5010
65229815808,65498251263,4922
65498251264,65766686719,5111
65766686720,66035122175,4772
66035122176,66303557631,4988
66303557632,66571993087,4529
66571993088,66840428543,4529
66840428544,67108863999,5705
67108864000,67377299455,4734
67377299456,67645734911,4460
67645734912,67914170367,4658
67914170368,68182605823,4646
68182605824,68451041279,4527
68451041280,68719476735,5119
68719476736,69256347647,8747
69256347648,69793218559,8432
69793218560,70330089471,9077
70330089472,70866960383,8300
70866960384,71403831295,9716
71403831296,71940702207,8389
71940702208,72477573119,8487
72477573120,73014444031,8260
73014444032,73551314943,8123
73551314944,74088185855,8145
74088185856,74625056767,7858
74625056768,75161927679,8094
75161927680,75698798591,7653
75698798592,76235669503,8893
76235669504,76772540415,8398
76772540416,77309411327,7508
77309411328,77846282239,7781
77846282240,78383153151,8197
78383153152,78920024063,8374
78920024064,79456894975,7306
79456894976,79993765887,7583
79993765888,80530636799,7503
80530636800,81067507711,7243
81067507712,81604378623,7006
81604378624,82141249535,7155
82141249536,82678120447,7146
82678120448,83214991359,7445
83214991360,83751862271,7151
83751862272,84288733183,7918
84288733184,84825604095,7220
84825604096,85362475007,8011
85362475008,85899345919,7406
85899345920,86436216831,7637
86436216832,86973087743,7664
86973087744,87509958655,7623
87509958656,88046829567,7250
88046829568,88583700479,7333
88583700480,89120571391,8400
89120571392,89657442303,7338
89657442304,90194313215,9378
90194313216,90731184127,8685
90731184128,91268055039,8320
91268055040,91804925951,6125
91804925952,92341796863,6584
92341796864,92878667775,5788
92878667776,93415538687,5984
93415538688,93952409599,5507
93952409600,94489280511,5917
94489280512,95026151423,6172
95026151424,95563022335,5894
95563022336,96099893247,5497
96099893248,96636764159,5769
96636764160,97173635071,5587
97173635072,97710505983,5161
97710505984,98247376895,5538
98247376896,98784247807,5012
98784247808,99321118719,5584
99321118720,99857989631,5206
99857989632,100394860543,5259
100394860544,100931731455,5404
100931731456,101468602367,5296
101468602368,102005473279,5155
102005473280,102542344191,5664
102542344192,103079215103,5021
103079215104,103616086015,5201
103616086016,104152956927,4978
104152956928,104689827839,4800
104689827840,105226698751,4846
105226698752,105763569663,4855
105763569664,106300440575,4824
106300440576,106837311487,4478
106837311488,107374182399,4914
107374182400,107911053311,4776
107911053312,108447924223,4862
108447924224,108984795135,4745
108984795136,109521666047,4427
109521666048,110058536959,4582
110058536960,110595407871,4357
110595407872,111132278783,4262
111132278784,111669149695,4952
111669149696,112206020607,4320
112206020608,112742891519,4073
112742891520,113279762431,4509
113279762432,113816633343,4498
113816633344,114353504255,4250
114353504256,114890375167,4223
114890375168,115427246079,4336
115427246080,115964116991,4414
115964116992,116500987903,4702
116500987904,117037858815,4416
117037858816,117574729727,3848
117574729728,118111600639,3943
118111600640,118648471551,4315
118648471552,119185342463,4868
119185342464,119722213375,4308
119722213376,120259084287,8007
120259084288,120795955199,4074
120795955200,121332826111,4305
121332826112,121869697023,3814
121869697024,122406567935,3980
122406567936,122943438847,4083
122943438848,123480309759,3858
123480309760,124017180671,3547
124017180672,124554051583,3681
124554051584,125090922495,3805
125090922496,125627793407,3843
125627793408,126164664319,3922
126164664320,126701535231,5169
126701535232,127238406143,3649
127238406144,127775277055,3543
127775277056,128312147967,3783
128312147968,128849018879,4324
128849018880,129385889791,3853
129385889792,129922760703,3369
129922760704,130459631615,3779
130459631616,130996502527,3311
130996502528,131533373439,3461
131533373440,132070244351,3684
132070244352,132607115263,3446
132607115264,133143986175,3604
133143986176,133680857087,3522
133680857088,134217727999,3615
134217728000,134754598911,3464
134754598912,135291469823,3610
135291469824,135828340735,3520
135828340736,136365211647,3438
136365211648,136902082559,3186
136902082560,137438953471,3456
137438953472,138512695295,6360
138512695296,139586437119,7173
139586437120,140660178943,7387
140660178944,141733920767,6186
141733920768,142807662591,6194
142807662592,143881404415,6015
143881404416,144955146239,6120
144955146240,146028888063,6464
146028888064,147102629887,6262
147102629888,148176371711,6216
148176371712,149250113535,5865
149250113536,150323855359,6246
150323855360,151397597183,5832
151397597184,152471339007,5939
152471339008,153545080831,5899
153545080832,154618822655,5556
154618822656,155692564479,5519
155692564480,156766306303,5549
156766306304,157840048127,5754
157840048128,158913789951,5973
158913789952,159987531775,5398
159987531776,161061273599,6140
161061273600,162135015423,5273
162135015424,163208757247,5253
163208757248,164282499071,5428
164282499072,165356240895,5395
165356240896,166429982719,5376
166429982720,167503724543,4984
167503724544,168577466367,5108
168577466368,169651208191,5075
169651208192,170724950015,4921
170724950016,171798691839,4917
171798691840,172872433663,4867
172872433664,173946175487,4883
173946175488,175019917311,4695
175019917312,176093659135,4560
176093659136,177167400959,4682
177167400960,178241142783,4591
178241142784,179314884607,6470
179314884608,180388626431,6799
180388626432,181462368255,4571
181462368256,182536110079,4687
182536110080,183609851903,4871
183609851904,184683593727,4554
184683593728,185757335551,4357
185757335552,186831077375,4320
186831077376,187904819199,5359
187904819200,188978561023,4249
188978561024,190052302847,4257
190052302848,191126044671,4286
191126044672,192199786495,4731
192199786496,193273528319,4077
193273528320,194347270143,4123
194347270144,195421011967,3932
195421011968,196494753791,3946
196494753792,197568495615,4286
197568495616,198642237439,3909
198642237440,199715979263,3812
199715979264,200789721087,3925
200789721088,201863462911,3830
201863462912,202937204735,3787
202937204736,204010946559,3942
204010946560,205084688383,3654
205084688384,206158430207,3855
206158430208,207232172031,3706
207232172032,208305913855,3874
208305913856,209379655679,3768
209379655680,210453397503,3638
210453397504,211527139327,3611
211527139328,212600881151,3803
212600881152,213674622975,3674
213674622976,214748364799,3596
214748364800,215822106623,3607
215822106624,216895848447,3599
216895848448,217969590271,3541
217969590272,219043332095,3500
219043332096,220117073919,4216
220117073920,221190815743,3694
221190815744,222264557567,3346
222264557568,223338299391,3417
223338299392,224412041215,3356
224412041216,225485783039,3403
225485783040,226559524863,3331
226559524864,227633266687,3315
227633266688,228707008511,3164
228707008512,229780750335,3214
229780750336,230854492159,3244
230854492160,231928233983,3198
231928233984,233001975807,3261
233001975808,234075717631,2952
234075717632,235149459455,3099
235149459456,236223201279,2941
236223201280,237296943103,3281
237296943104,238370684927,3138
238370684928,239444426751,3409
239444426752,240518168575,4351
240518168576,241591910399,2982
241591910400,242665652223,2965
242665652224,243739394047,2939
243739394048,244813135871,3661
244813135872,245886877695,2931
245886877696,246960619519,2840
246960619520,248034361343,2923
248034361344,249108103167,2909
249108103168,250181844991,2956
250181844992,251255586815,2811
251255586816,252329328639,2942
252329328640,253403070463,2895
253403070464,254476812287,2716
254476812288,255550554111,3334
255550554112,256624295935,2621
256624295936,257698037759,2615
257698037760,258771779583,2607
258771779584,259845521407,2844
259845521408,260919263231,2884
260919263232,261993005055,2559
261993005056,263066746879,2627
263066746880,264140488703,2398
264140488704,265214230527,2458
265214230528,266287972351,2514
266287972352,267361714175,2453
267361714176,268435455999,2599
268435456000,269509197823,3117
269509197824,270582939647,2463
270582939648,271656681471,2553
271656681472,272730423295,2452
272730423296,273804165119,3190
273804165120,274877906943,2488
274877906944,277025390591,5234
277025390592,279172874239,5443
279172874240,281320357887,4731
281320357888,283467841535,4720
283467841536,285615325183,4847
285615325184,287762808831,4870
287762808832,289910292479,4806
289910292480,292057776127,4617
292057776128,294205259775,4543
294205259776,296352743423,4482
296352743424,298500227071,4850
298500227072,300647710719,8163
300647710720,302795194367,5118
302795194368,304942678015,4312
304942678016,307090161663,4142
307090161664,309237645311,4285
309237645312,311385128959,4621
311385128960,313532612607,4872
313532612608,315680096255,4777
315680096256,317827579903,3960
317827579904,319975063551,3921
319975063552,322122547199,3794
322122547200,324270030847,3852
324270030848,326417514495,3762
326417514496,328564998143,3872
328564998144,330712481791,3548
330712481792,332859965439,4015
332859965440,335007449087,3741
335007449088,337154932735,3597
337154932736,339302416383,3687
339302416384,341449900031,3521
341449900032,343597383679,4363
343597383680,345744867327,4047
345744867328,347892350975,3871
347892350976,350039834623,3529
350039834624,352187318271,3452
352187318272,354334801919,3381
354334801920,356482285567,3205
356482285568,358629769215,3358
358629769216,360777252863,3951
360777252864,362924736511,3092
362924736512,365072220159,3062
365072220160,367219703807,3264
367219703808,369367187455,2959
369367187456,371514671103,3224
371514671104,373662154751,3654
373662154752,375809638399,3049
375809638400,377957122047,3045
377957122048,380104605695,3110
380104605696,382252089343,3001
382252089344,384399572991,2701
384399572992,386547056639,2712
386547056640,388694540287,2739
388694540288,390842023935,2782
390842023936,392989507583,2508
392989507584,395136991231,2721
395136991232,397284474879,2741
397284474880,399431958527,2635
399431958528,401579442175,2692
401579442176,403726925823,2732
403726925824,405874409471,2721
405874409472,408021893119,2537
408021893120,410169376767,2544
410169376768,412316860415,2640
412316860416,414464344063,2541
414464344064,416611827711,2399
416611827712,418759311359,2388
418759311360,420906795007,3031
420906795008,423054278655,2404
423054278656,425201762303,2254
425201762304,427349245951,2534
427349245952,429496729599,2392
429496729600,431644213247,2830
431644213248,433791696895,2291
433791696896,435939180543,2220
435939180544,438086664191,2230
438086664192,440234147839,2301
440234147840,442381631487,2287
442381631488,444529115135,2295
444529115136,446676598783,2169
446676598784,448824082431,2296
448824082432,450971566079,2159
450971566080,453119049727,2820
453119049728,455266533375,2161
455266533376,457414017023,2202
457414017024,459561500671,1930
459561500672,461708984319,2005
461708984320,463856467967,2100
463856467968,466003951615,1976
466003951616,468151435263,2235
468151435264,470298918911,2296
470298918912,472446402559,1993
472446402560,474593886207,2773
474593886208,476741369855,1947
476741369856,478888853503,2169
478888853504,481036337151,2870
481036337152,483183820799,1939
483183820800,485331304447,1789
485331304448,487478788095,1787
487478788096,489626271743,1813
489626271744,491773755391,1692
491773755392,493921239039,1737
493921239040,496068722687,1988
496068722688,498216206335,1734
498216206336,500363689983,1804
500363689984,502511173631,1728
502511173632,504658657279,1771
504658657280,506806140927,1783
506806140928,508953624575,1778
508953624576,511101108223,1655
511101108224,513248591871,1803
513248591872,515396075519,1676
515396075520,517543559167,1664
517543559168,519691042815,1713
519691042816,521838526463,1773
521838526464,523986010111,1935
523986010112,526133493759,2573
526133493760,528280977407,1710
528280977408,530428461055,2570
530428461056,532575944703,1621
532575944704,534723428351,1802
534723428352,536870911999,1798
536870912000,539018395647,1831
539018395648,541165879295,2160
541165879296,543313362943,2519
543313362944,545460846591,1642
545460846592,547608330239,3275
547608330240,549755813887,3961
549755813888,554050781183,4267
554050781184,558345748479,3344
558345748480,562640715775,3295
562640715776,566935683071,3794
566935683072,571230650367,3155
571230650368,575525617663,3133
575525617664,579820584959,3092
579820584960,584115552255,2989
584115552256,588410519551,3162
588410519552,592705486847,4305
592705486848,597000454143,3267
597000454144,601295421439,4288
601295421440,605590388735,3171
605590388736,609885356031,2680
609885356032,614180323327,2774
614180323328,618475290623,2654
618475290624,622770257919,2619
622770257920,627065225215,2466
627065225216,631360192511,2497
631360192512,635655159807,2659
635655159808,639950127103,3194
639950127104,644245094399,2531
644245094400,648540061695,2401
648540061696,652835028991,3171
652835028992,657129996287,2191
657129996288,661424963583,2366
661424963584,665719930879,2060
665719930880,670014898175,2083
670014898176,674309865471,2058
674309865472,678604832767,2388
678604832768,682899800063,2091
682899800064,687194767359,2088
687194767360,691489734655,1941
691489734656,695784701951,1906
695784701952,700079669247,1960
700079669248,704374636543,1945
704374636544,708669603839,2047
708669603840,712964571135,1924
712964571136,717259538431,2181
717259538432,721554505727,2059
721554505728,725849473023,2051
725849473024,730144440319,2147
730144440320,734439407615,2113
734439407616,738734374911,2164
738734374912,743029342207,2058
743029342208,747324309503,2074
747324309504,751619276799,1986
751619276800,755914244095,2013
755914244096,760209211391,2323
760209211392,764504178687,2387
764504178688,768799145983,2547
768799145984,773094113279,1934
773094113280,777389080575,1660
777389080576,781684047871,2775
781684047872,785979015167,1551
785979015168,790273982463,1590
790273982464,794568949759,1599
794568949760,798863917055,1512
798863917056,803158884351,1490
803158884352,807453851647,1550
807453851648,811748818943,1533
811748818944,816043786239,1653
816043786240,820338753535,1483
820338753536,824633720831,1487
824633720832,828928688127,1465
828928688128,833223655423,1430
833223655424,837518622719,1462
837518622720,841813590015,1721
841813590016,846108557311,1497
846108557312,850403524607,1328
850403524608,854698491903,1386
854698491904,858993459199,1348
858993459200,863288426495,1499
863288426496,867583393791,2141
867583393792,871878361087,2674
871878361088,876173328383,2725
876173328384,880468295679,2986
880468295680,884763262975,2132
884763262976,889058230271,1966
889058230272,893353197567,2250
893353197568,897648164863,4868
897648164864,901943132159,45486
901943132160,906238099455,2194
906238099456,910533066751,2058
910533066752,914828034047,1751
914828034048,919123001343,1256
919123001344,923417968639,1340
923417968640,927712935935,1336
927712935936,932007903231,1468
932007903232,936302870527,1200
936302870528,940597837823,1327
940597837824,944892805119,985
944892805120,949187772415,1290
949187772416,953482739711,1249
953482739712,957777707007,1149
957777707008,962072674303,1177
962072674304,966367641599,1115
966367641600,970662608895,1121
970662608896,974957576191,1147
974957576192,979252543487,1086
979252543488,983547510783,1162
983547510784,987842478079,1197
987842478080,992137445375,1225
992137445376,996432412671,1146
996432412672,1000727379967,1134
1000727379968,1005022347263,1000
1005022347264,1009317314559,1087
1009317314560,1013612281855,1144
1013612281856,1017907249151,1153
1017907249152,1022202216447,1283
1022202216448,1026497183743,860
1026497183744,1030792151039,804
1030792151040,1035087118335,932
1035087118336,1039382085631,807
1039382085632,1043677052927,837
1043677052928,1047972020223,931
1047972020224,1052266987519,864
1052266987520,1056561954815,881
1056561954816,1060856922111,821
1060856922112,1065151889407,870
1065151889408,1069446856703,823
1069446856704,1073741823999,796
1073741824000,1078036791295,860
1078036791296,1082331758591,914
1082331758592,1086626725887,857
1086626725888,1090921693183,830
1090921693184,1095216660479,982
1095216660480,1099511627775,830
1099511627776,1108101562367,1735
1108101562368,1116691496959,1637
1116691496960,1125281431551,1693
1125281431552,1133871366143,1602
1133871366144,1142461300735,1688
1142461300736,1151051235327,1423
1151051235328,1159641169919,1612
1159641169920,1168231104511,2485
1168231104512,1176821039103,1476
1176821039104,1185410973695,1477
1185410973696,1194000908287,1675
1194000908288,1202590842879,2625
1202590842880,1211180777471,1462
1211180777472,1219770712063,1402
1219770712064,1228360646655,1621
1228360646656,1236950581247,1761
1236950581248,1245540515839,2189
1245540515840,1254130450431,2293
1254130450432,1262720385023,2109
1262720385024,1271310319615,1422
1271310319616,1279900254207,2117
1279900254208,1288490188799,2019
1288490188800,1297080123391,2397
1297080123392,1305670057983,2109
1305670057984,1314259992575,1442
1314259992576,1322849927167,1217
1322849927168,1331439861759,1309
1331439861760,1340029796351,1306
1340029796352,1348619730943,1195
1348619730944,1357209665535,1064
1357209665536,1365799600127,1092
1365799600128,1374389534719,1247
1374389534720,1382979469311,1915
1382979469312,1391569403903,992
1391569403904,1400159338495,906
1400159338496,1408749273087,1031
1408749273088,1417339207679,1154
1417339207680,1425929142271,998
1425929142272,1434519076863,1030
1434519076864,1443109011455,1110
1443109011456,1451698946047,1080
1451698946048,1460288880639,2396
1460288880640,1468878815231,1451
1468878815232,1477468749823,1442
1477468749824,1486058684415,1320
1486058684416,1494648619007,1308
1494648619008,1503238553599,1200
1503238553600,1511828488191,896
1511828488192,1520418422783,939
1520418422784,1529008357375,771
1529008357376,1537598291967,925
1537598291968,1546188226559,867
1546188226560,1554778161151,935
1554778161152,1563368095743,902
1563368095744,1571958030335,898
1571958030336,1580547964927,935
1580547964928,1589137899519,946
1589137899520,1597727834111,810
1597727834112,1606317768703,881
1606317768704,1614907703295,900
1614907703296,1623497637887,1088
1623497637888,1632087572479,1153
1632087572480,1640677507071,1006
1640677507072,1649267441663,1119
1649267441664,1657857376255,1081
1657857376256,1666447310847,1072
1666447310848,1675037245439,898
1675037245440,1683627180031,859
1683627180032,1692217114623,795
1692217114624,1700807049215,914
1700807049216,1709396983807,677
1709396983808,1717986918399,797
1717986918400,1726576852991,932
1726576852992,1735166787583,912
1735166787584,1743756722175,1012
1743756722176,1752346656767,810
1752346656768,1760936591359,927
1760936591360,1769526525951,936
1769526525952,1778116460543,929
1778116460544,1786706395135,1034
1786706395136,1795296329727,1072
1795296329728,1803886264319,2435
1803886264320,1812476198911,1209
1812476198912,1821066133503,1032
1821066133504,1829656068095,1027
1829656068096,1838246002687,1326
1838246002688,1846835937279,2131
1846835937280,1855425871871,2070
1855425871872,1864015806463,1279
1864015806464,1872605741055,822
1872605741056,1881195675647,781
1881195675648,1889785610239,719
1889785610240,1898375544831,789
1898375544832,1906965479423,656
1906965479424,1915555414015,755
1915555414016,1924145348607,736
1924145348608,1932735283199,705
1932735283200,1941325217791,590
1941325217792,1949915152383,635
1949915152384,1958505086975,626
1958505086976,1967095021567,741
1967095021568,1975684956159,690
1975684956160,1984274890751,607
1984274890752,1992864825343,606
1992864825344,2001454759935,586
2001454759936,2010044694527,589
2010044694528,2018634629119,550
2018634629120,2027224563711,606
2027224563712,2035814498303,568
2035814498304,2044404432895,497
2044404432896,2052994367487,494
2052994367488,2061584302079,517
2061584302080,2070174236671,574
2070174236672,2078764171263,625
2078764171264,2087354105855,471
2087354105856,2095944040447,547
2095944040448,2104533975039,786
2104533975040,2113123909631,624
2113123909632,2121713844223,577
2121713844224,2130303778815,644
2130303778816,2138893713407,518
2138893713408,2147483647999,579
2147483648000,2156073582591,493
2156073582592,2164663517183,522
2164663517184,2173253451775,554
2173253451776,2181843386367,497
2181843386368,2190433320959,573
2190433320960,2199023255551,489
2199023255552,2216203124735,1076
2216203124736,2233382993919,1226
2233382993920,2250562863103,960
2250562863104,2267742732287,893
2267742732288,2284922601471,1022
2284922601472,2302102470655,928
2302102470656,2319282339839,1130
2319282339840,2336462209023,1088
2336462209024,2353642078207,988
2353642078208,2370821947391,843
2370821947392,2388001816575,1045
2388001816576,2405181685759,757
2405181685760,2422361554943,814
2422361554944,2439541424127,827
2439541424128,2456721293311,772
2456721293312,2473901162495,879
2473901162496,2491081031679,672
2491081031680,2508260900863,856
2508260900864,2525440770047,822
2525440770048,2542620639231,941
2542620639232,2559800508415,773
2559800508416,2576980377599,813
2576980377600,2594160246783,766
2594160246784,2611340115967,863
2611340115968,2628519985151,806
2628519985152,2645699854335,781
2645699854336,2662879723519,724
2662879723520,2680059592703,1223
2680059592704,2697239461887,1362
2697239461888,2714419331071,890
2714419331072,2731599200255,865
2731599200256,2748779069439,2135
2748779069440,2765958938623,1705
2765958938624,2783138807807,612
2783138807808,2800318676991,630
2800318676992,2817498546175,684
2817498546176,2834678415359,1274
2834678415360,2851858284543,646
2851858284544,2869038153727,674
2869038153728,2886218022911,704
2886218022912,2903397892095,615
2903397892096,2920577761279,575
2920577761280,2937757630463,589
2937757630464,2954937499647,626
2954937499648,2972117368831,525
2972117368832,2989297238015,620
2989297238016,3006477107199,567
3006477107200,3023656976383,601
3023656976384,3040836845567,665
3040836845568,3058016714751,540
3058016714752,3075196583935,558
3075196583936,3092376453119,502
3092376453120,3109556322303,560
3109556322304,3126736191487,657
3126736191488,3143916060671,581
3143916060672,3161095929855,522
3161095929856,3178275799039,544
3178275799040,3195455668223,516
3195455668224,3212635537407,538
3212635537408,3229815406591,591
3229815406592,3246995275775,491
3246995275776,3264175144959,498
3264175144960,3281355014143,539
3281355014144,3298534883327,536
3298534883328,3315714752511,470
3315714752512,3332894621695,484
3332894621696,3350074490879,602
3350074490880,3367254360063,614
3367254360064,3384434229247,601
3384434229248,3401614098431,509
3401614098432,3418793967615,537
3418793967616,3435973836799,603
3435973836800,3453153705983,530
3453153705984,3470333575167,433
3470333575168,3487513444351,483
3487513444352,3504693313535,499
3504693313536,3521873182719,439
3521873182720,3539053051903,504
3539053051904,3556232921087,480
3556232921088,3573412790271,417
3573412790272,3590592659455,369
3590592659456,3607772528639,518
3607772528640,3624952397823,525
3624952397824,3642132267007,711
3642132267008,3659312136191,562
3659312136192,3676492005375,521
3676492005376,3693671874559,510
3693671874560,3710851743743,581
3710851743744,3728031612927,485
3728031612928,3745211482111,430
3745211482112,3762391351295,475
3762391351296,3779571220479,432
3779571220480,3796751089663,424
3796751089664,3813930958847,499
3813930958848,3831110828031,509
3831110828032,3848290697215,367
3848290697216,3865470566399,402
3865470566400,3882650435583,444
3882650435584,3899830304767,430
3899830304768,3917010173951,422
3917010173952,3934190043135,404
3934190043136,3951369912319,374
3951369912320,3968549781503,358
3968549781504,3985729650687,463
3985729650688,4002909519871,464
4002909519872,4020089389055,341
4020089389056,4037269258239,401
4037269258240,4054449127423,400
4054449127424,4071628996607,415
4071628996608,4088808865791,444
4088808865792,4105988734975,338
4105988734976,4123168604159,367
4123168604160,4140348473343,559
4140348473344,4157528342527,614
4157528342528,4174708211711,408
4174708211712,4191888080895,483
4191888080896,4209067950079,469
4209067950080,4226247819263,394
4226247819264,4243427688447,325
4243427688448,4260607557631,341
4260607557632,4277787426815,507
4277787426816,4294967295999,467
4294967296000,4312147165183,391
4312147165184,4329327034367,373
4329327034368,4346506903551,472
4346506903552,4363686772735,460
4363686772736,4380866641919,368
4380866641920,4398046511103,357
4398046511104,4432406249471,899
4432406249472,4466765987839,802
4466765987840,4501125726207,787
4501125726208,4535485464575,656
4535485464576,4569845202943,729
4569845202944,4604204941311,660
4604204941312,4638564679679,690
4638564679680,4672924418047,645
4672924418048,4707284156415,960
4707284156416,4741643894783,593
4741643894784,4776003633151,698
4776003633152,4810363371519,912
4810363371520,4844723109887,726
4844723109888,4879082848255,700
4879082848256,4913442586623,639
4913442586624,4947802324991,701
4947802324992,4982162063359,621
4982162063360,5016521801727,518
5016521801728,5050881540095,538
5050881540096,5085241278463,528
5085241278464,5119601016831,611
5119601016832,5153960755199,512
5153960755200,5188320493567,604
5188320493568,5222680231935,506
5222680231936,5257039970303,511
5257039970304,5291399708671,441
5291399708672,5325759447039,520
5325759447040,5360119185407,573
5360119185408,5394478923775,588
5394478923776,5428838662143,657
5428838662144,5463198400511,770
5463198400512,5497558138879,767
5497558138880,5531917877247,754
5531917877248,5566277615615,496
5566277615616,5600637353983,691
5600637353984,5634997092351,618
5634997092352,5669356830719,460
5669356830720,5703716569087,519
5703716569088,5738076307455,416
5738076307456,5772436045823,613
5772436045824,5806795784191,702
5806795784192,5841155522559,595
5841155522560,5875515260927,846
5875515260928,5909874999295,619
5909874999296,5944234737663,594
5944234737664,5978594476031,680
5978594476032,6012954214399,550
6012954214400,6047313952767,538
6047313952768,6081673691135,721
6081673691136,6116033429503,611
6116033429504,6150393167871,600
6150393167872,6184752906239,478
6184752906240,6219112644607,605
6219112644608,6253472382975,643
6253472382976,6287832121343,404
6287832121344,6322191859711,629
6322191859712,6356551598079,515
6356551598080,6390911336447,565
6390911336448,6425271074815,585
6425271074816,6459630813183,509
6459630813184,6493990551551,526
6493990551552,6528350289919,438
6528350289920,6562710028287,394
6562710028288,6597069766655,441
6597069766656,6631429505023,417
6631429505024,6665789243391,421
6665789243392,6700148981759,514
6700148981760,6734508720127,380
6734508720128,6768868458495,482
6768868458496,6803228196863,460
6803228196864,6837587935231,550
6837587935232,6871947673599,696
6871947673600,6906307411967,435
6906307411968,6940667150335,580
6940667150336,6975026888703,444
6975026888704,7009386627071,545
7009386627072,7043746365439,494
7043746365440,7078106103807,393
7078106103808,7112465842175,432
7112465842176,7146825580543,357
7146825580544,7181185318911,347
7181185318912,7215545057279,332
7215545057280,7249904795647,313
7249904795648,7284264534015,656
7284264534016,7318624272383,466
7318624272384,7352984010751,590
7352984010752,7387343749119,548
7387343749120,7421703487487,479
7421703487488,7456063225855,437
7456063225856,7490422964223,398
7490422964224,7524782702591,368
7524782702592,7559142440959,362
7559142440960,7593502179327,422
7593502179328,7627861917695,394
7627861917696,7662221656063,378
7662221656064,7696581394431,332
7696581394432,7730941132799,317
7730941132800,7765300871167,322
7765300871168,7799660609535,347
7799660609536,7834020347903,362
7834020347904,7868380086271,428
7868380086272,7902739824639,339
7902739824640,7937099563007,382
7937099563008,7971459301375,394
7971459301376,8005819039743,347
8005819039744,8040178778111,353
8040178778112,8074538516479,369
8074538516480,8108898254847,437
8108898254848,8143257993215,488
8143257993216,8177617731583,345
8177617731584,8211977469951,395
8211977469952,8246337208319,379
8246337208320,8280696946687,401
8280696946688,8315056685055,437
8315056685056,8349416423423,368
8349416423424,8383776161791,270
8383776161792,8418135900159,300
8418135900160,8452495638527,293
8452495638528,8486855376895,347
8486855376896,8521215115263,219
8521215115264,8555574853631,180
8555574853632,8589934591999,365
8589934592000,8624294330367,364
8624294330368,8658654068735,461
8658654068736,8693013807103,427
8693013807104,8727373545471,628
8727373545472,8761733283839,272
8761733283840,8796093022207,321
8796093022208,8864812498943,607
8864812498944,8933531975679,468
8933531975680,9002251452415,472
9002251452416,9070970929151,528
9070970929152,9139690405887,691
9139690405888,9208409882623,449
9208409882624,9277129359359,519
9277129359360,9345848836095,405
9345848836096,9414568312831,580
9414568312832,9483287789567,473
9483287789568,9552007266303,615
9552007266304,9620726743039,511
9620726743040,9689446219775,635
9689446219776,9758165696511,598
9758165696512,9826885173247,414
9826885173248,9895604649983,602
9895604649984,9964324126719,579
9964324126720,10033043603455,472
10033043603456,10101763080191,558
10101763080192,10170482556927,531
10170482556928,10239202033663,518
10239202033664,10307921510399,748
10307921510400,10376640987135,527
10376640987136,10445360463871,412
10445360463872,10514079940607,624
10514079940608,10582799417343,460
10582799417344,10651518894079,640
10651518894080,10720238370815,643
10720238370816,10788957847551,389
10788957847552,10857677324287,364
10857677324288,10926396801023,576
10926396801024,10995116277759,583
10995116277760,11063835754495,515
11063835754496,11132555231231,531
11132555231232,11201274707967,392
11201274707968,11269994184703,426
11269994184704,11338713661439,357
11338713661440,11407433138175,378
11407433138176,11476152614911,416
11476152614912,11544872091647,405
11544872091648,11613591568383,622
11613591568384,11682311045119,402
11682311045120,11751030521855,442
11751030521856,11819749998591,365
11819749998592,11888469475327,423
11888469475328,11957188952063,414
11957188952064,12025908428799,360
12025908428800,12094627905535,353
12094627905536,12163347382271,313
12163347382272,12232066859007,290
12232066859008,12300786335743,524
12300786335744,12369505812479,356
12369505812480,12438225289215,328
12438225289216,12506944765951,280
12506944765952,12575664242687,428
12575664242688,12644383719423,382
12644383719424,12713103196159,325
12713103196160,12781822672895,409
12781822672896,12850542149631,338
12850542149632,12919261626367,346
12919261626368,12987981103103,313
12987981103104,13056700579839,407
13056700579840,13125420056575,466
13125420056576,13194139533311,292
13194139533312,13262859010047,348
13262859010048,13331578486783,340
13331578486784,13400297963519,384
13400297963520,13469017440255,283
13469017440256,13537736916991,338
13537736916992,13606456393727,300
13606456393728,13675175870463,474
13675175870464,13743895347199,250
13743895347200,13812614823935,352
13812614823936,13881334300671,343
13881334300672,13950053777407,419
13950053777408,14018773254143,302
14018773254144,14087492730879,391
14087492730880,14156212207615,425
14156212207616,14224931684351,404
14224931684352,14293651161087,343
14293651161088,14362370637823,356
14362370637824,14431090114559,424
14431090114560,14499809591295,375
14499809591296,14568529068031,372
14568529068032,14637248544767,353
14637248544768,14705968021503,334
14705968021504,14774687498239,422
14774687498240,14843406974975,376
14843406974976,14912126451711,367
14912126451712,14980845928447,338
14980845928448,15049565405183,295
15049565405184,15118284881919,279
15118284881920,15187004358655,262
15187004358656,15255723835391,296
15255723835392,15324443312127,376
15324443312128,15393162788863,365
15393162788864,15461882265599,407
15461882265600,15530601742335,353
15530601742336,15599321219071,304
15599321219072,15668040695807,353
15668040695808,15736760172543,244
15736760172544,15805479649279,309
15805479649280,15874199126015,270
15874199126016,15942918602751,240
15942918602752,16011638079487,336
16011638079488,16080357556223,210
16080357556224,16149077032959,317
16149077032960,16217796509695,338
16217796509696,16286515986431,377
16286515986432,16355235463167,395
16355235463168,16423954939903,551
16423954939904,16492674416639,687
16492674416640,16561393893375,481
16561393893376,16630113370111,272
16630113370112,16698832846847,263
16698832846848,16767552323583,106
16767552323584,16836271800319,201
16836271800320,16904991277055,223
16904991277056,16973710753791,324
16973710753792,17042430230527,261
17042430230528,17111149707263,412
17111149707264,17179869183999,261
17179869184000,17248588660735,320
17248588660736,17317308137471,521
17317308137472,17386027614207,447
17386027614208,17454747090943,182
17454747090944,17523466567679,259
17523466567680,17592186044415,267
17592186044416,17729624997887,481
17729624997888,17867063951359,391
17867063951360,18004502904831,464
18004502904832,18141941858303,325
18141941858304,18279380811775,492
18279380811776,18416819765247,405
18416819765248,18554258718719,361
18554258718720,18691697672191,415
18691697672192,18829136625663,286
18829136625664,18966575579135,337
18966575579136,19104014532607,466
19104014532608,19241453486079,368
19241453486080,19378892439551,377
19378892439552,19516331393023,330
19516331393024,19653770346495,260
19653770346496,19791209299967,322
19791209299968,19928648253439,433
19928648253440,20066087206911,463
20066087206912,20203526160383,349
20203526160384,20340965113855,420
20340965113856,20478404067327,258
20478404067328,20615843020799,256
20615843020800,20753281974271,208
20753281974272,20890720927743,401
20890720927744,21028159881215,468
21028159881216,21165598834687,269
21165598834688,21303037788159,195
21303037788160,21440476741631,346
21440476741632,21577915695103,231
21577915695104,21715354648575,279
21715354648576,21852793602047,299
21852793602048,21990232555519,369
21990232555520,22127671508991,311
22127671508992,22265110462463,246
22265110462464,22402549415935,351
22402549415936,22539988369407,321
22539988369408,22677427322879,252
22677427322880,22814866276351,312
22814866276352,22952305229823,286
22952305229824,23089744183295,276
23089744183296,23227183136767,471
23227183136768,23364622090239,662
23364622090240,23502061043711,1144
23502061043712,23639499997183,50
23639499997184,23776938950655,15
23776938950656,23914377904127,23
23914377904128,24051816857599,20
24051816857600,24189255811071,14
24189255811072,24326694764543,4
24326694764544,24464133718015,4
24464133718016,24601572671487,3
24601572671488,24739011624959,4
25013889531904,25151328485375,8
25151328485376,25253726582427,14
